Full Name,Age Group,Visit Date,Time Slot,Visit Purpose,Group Size,Mode of Travel,Special Day Type,Waiting Tolerance,Crowd Level
Ayushman Gokhale,20-40,2025-08-29,5-8 AM,Festival,4,Car,Tuesday/Friday Peak,4,206
Lavanya Ramaswamy,40-60,2025-05-18,8-11 AM,Festival,3,Bus/Train,Normal Day,2,101
Megha Ahluwalia,40-60,2025-04-20,5-8 AM,Pilgrimage,9,Two-Wheeler,Normal Day,5,113
Mohini Kurian,20-40,2025-04-06,2-5 PM,Festival,5,On Foot,Normal Day,3,65
Vedhika Hora,60+,2025-06-16,5-8 PM,Tourism,2,Bus/Train,Normal Day,4,74
Hema Bala,20-40,2025-12-06,2-5 PM,Pilgrimage,1,Bus/Train,Normal Day,3,50
Lila Madan,40-60,2025-02-16,5-8 PM,Pilgrimage,2,Two-Wheeler,Normal Day,3,71
Harinakshi Sridhar,20-40,2025-09-24,8-11 AM,Pilgrimage,2,Two-Wheeler,Normal Day,3,67
Bhavani Varkey,Under 20,2025-03-31,8-11 AM,Other,3,Two-Wheeler,Festival,5,232
Mekhala Kala,Under 20,2025-10-29,8-11 AM,Other,2,Two-Wheeler,Normal Day,1,85
Advay Misra,20-40,2025-04-29,8-11 AM,Tourism,3,Two-Wheeler,Tuesday/Friday Peak,4,168
Ikshita Tiwari,40-60,2025-02-21,5-8 PM,Festival,3,Bus/Train,Tuesday/Friday Peak,4,148
Sai Kata,40-60,2025-03-07,11 AM-2 PM,Tourism,3,Two-Wheeler,Tuesday/Friday Peak,1,163
Gautam Kohli,40-60,2025-02-23,5-8 AM,Pilgrimage,3,Car,Normal Day,2,100
Daksh Ramanathan,60+,2025-02-12,8-11 AM,Pilgrimage,1,Car,Full Moon,5,209
Dalbir Shere,20-40,2025-11-24,8-11 AM,Pilgrimage,2,Two-Wheeler,Normal Day,4,92
Jagdish Yadav,20-40,2025-04-06,8-11 AM,Pilgrimage,4,Two-Wheeler,Normal Day,1,108
Warhi Sampath,40-60,2025-09-05,5-8 PM,Tourism,8,Two-Wheeler,Tuesday/Friday Peak,3,160
Yutika Sangha,20-40,2025-11-12,11 AM-2 PM,Pilgrimage,3,On Foot,Full Moon,4,174
Elijah Kale,Under 20,2025-04-06,5-8 AM,Pilgrimage,3,On Foot,Normal Day,2,90
George Dubey,40-60,2025-03-05,2-5 PM,Festival,3,Two-Wheeler,Normal Day,1,63
Oliver Sem,20-40,2025-07-09,8-11 AM,Pilgrimage,4,Car,Normal Day,2,97
Aayush Mangal,40-60,2025-08-18,8-11 AM,Pilgrimage,3,Car,Normal Day,3,94
Joshua Bahri,20-40,2025-05-03,8-11 AM,Tourism,5,Bus/Train,Normal Day,3,75
Aradhana Dhar,20-40,2025-06-18,5-8 AM,Pilgrimage,6,Two-Wheeler,Normal Day,5,106
Vasudha Viswanathan,40-60,2025-05-04,2-5 PM,Pilgrimage,2,Two-Wheeler,Normal Day,4,50
Azad Karpe,40-60,2025-11-23,5-8 AM,Pilgrimage,3,Car,Normal Day,3,106
Vyanjana Karnik,20-40,2025-04-29,8-11 AM,Festival,6,Two-Wheeler,Tuesday/Friday Peak,4,190
Anamika Natarajan,40-60,2025-06-04,2-5 PM,Pilgrimage,3,Two-Wheeler,Normal Day,3,50
Yashawini Ganguly,20-40,2025-06-20,11 AM-2 PM,Pilgrimage,4,Two-Wheeler,Tuesday/Friday Peak,4,148
Vrishti Rana,20-40,2025-10-12,2-5 PM,Pilgrimage,3,Bus/Train,Full Moon,2,158
Abha Khatri,40-60,2025-11-27,5-8 AM,Pilgrimage,3,Car,Full Moon,4,221
Quincy Amble,60+,2025-08-20,5-8 AM,Pilgrimage,1,Two-Wheeler,Normal Day,3,99
Radha Nayak,Under 20,2025-03-26,5-8 AM,Festival,2,Car,Normal Day,1,89
Chatresh Zacharia,60+,2025-03-11,5-8 AM,Pilgrimage,2,Car,Tuesday/Friday Peak,4,214
Nitara Anand,20-40,2025-08-23,8-11 AM,Pilgrimage,7,Car,Normal Day,4,108
Omya Khare,20-40,2025-11-19,8-11 AM,Pilgrimage,1,Two-Wheeler,Normal Day,5,81
Udyati Chowdhury,20-40,2025-04-18,8-11 AM,Festival,2,Car,Tuesday/Friday Peak,4,188
Riya Yadav,20-40,2025-05-22,5-8 AM,Tourism,3,Two-Wheeler,Normal Day,4,115
Advik Pillay,40-60,2025-06-03,11 AM-2 PM,Pilgrimage,5,Bus/Train,Tuesday/Friday Peak,4,141
Gagan Kapur,20-40,2025-06-23,2-5 PM,Festival,8,Two-Wheeler,Normal Day,2,78
Qabil Dewan,20-40,2025-02-17,2-5 PM,Tourism,4,Bus/Train,Normal Day,2,50
Maanas Vasa,Under 20,2025-05-12,2-5 PM,Pilgrimage,4,Bus/Train,Full Moon,4,159
Rachana Deshmukh,40-60,2025-02-19,8-11 AM,Pilgrimage,5,Car,Normal Day,3,84
Azaan Chada,60+,2025-05-30,8-11 AM,Pilgrimage,4,Car,Tuesday/Friday Peak,4,188
Jatin Subramanian,20-40,2025-08-24,2-5 PM,Pilgrimage,4,Two-Wheeler,Normal Day,3,58
Bhavani Chokshi,20-40,2025-03-24,5-8 AM,Pilgrimage,2,On Foot,Normal Day,2,85
Harshil Mitra,20-40,2025-06-27,2-5 PM,Festival,2,On Foot,Full Moon,3,181
Mugdha Karan,20-40,2025-07-22,11 AM-2 PM,Pilgrimage,6,Car,Tuesday/Friday Peak,5,150
Yachana Basu,20-40,2025-05-10,5-8 AM,Tourism,2,Bus/Train,Normal Day,3,91
Harish Balasubramanian,20-40,2025-04-26,5-8 AM,Festival,3,Two-Wheeler,Normal Day,2,99
Gabriel Warrior,20-40,2025-08-17,8-11 AM,Pilgrimage,6,Two-Wheeler,Normal Day,3,107
Suhani Raj,20-40,2025-08-01,8-11 AM,Tourism,3,Two-Wheeler,Tuesday/Friday Peak,1,186
Osha Babu,40-60,2025-09-01,5-8 AM,Pilgrimage,7,Car,Normal Day,4,108
Neha Bandi,20-40,2025-12-07,5-8 PM,Pilgrimage,1,Two-Wheeler,Normal Day,3,51
Nachiket Vora,20-40,2025-11-24,5-8 AM,Festival,6,Car,Normal Day,4,102
Turvi Ganesh,Under 20,2025-04-01,5-8 AM,Festival,3,Two-Wheeler,Tuesday/Friday Peak,1,193
Abhimanyu Mishra,20-40,2025-06-25,8-11 AM,Festival,5,Two-Wheeler,Normal Day,3,80
Zaid Keer,60+,2025-06-25,5-8 AM,Pilgrimage,1,Two-Wheeler,Normal Day,3,106
Kiaan Morar,Under 20,2025-12-06,8-11 AM,Pilgrimage,2,Two-Wheeler,Normal Day,5,102
Ojas Patil,40-60,2025-09-02,5-8 AM,Pilgrimage,1,Two-Wheeler,Tuesday/Friday Peak,1,182
Ronith Dhingra,40-60,2025-10-29,5-8 AM,Pilgrimage,2,Two-Wheeler,Normal Day,4,117
Chandran Gour,60+,2025-03-28,5-8 AM,Pilgrimage,1,Two-Wheeler,Tuesday/Friday Peak,5,184
Dominic Chadha,20-40,2025-10-04,2-5 PM,Tourism,5,On Foot,Normal Day,3,50
Unni Butala,Under 20,2025-07-01,5-8 AM,Tourism,5,Two-Wheeler,Tuesday/Friday Peak,2,186
Praneel Kumer,40-60,2025-03-14,5-8 AM,Pilgrimage,4,Two-Wheeler,Tuesday/Friday Peak,2,190
Sanaya Devan,40-60,2025-04-02,5-8 AM,Pilgrimage,4,Car,Normal Day,1,127
Vivaan Patel,60+,2025-09-16,8-11 AM,Pilgrimage,5,Two-Wheeler,Tuesday/Friday Peak,3,190
Indira Kibe,Under 20,2025-09-09,5-8 PM,Pilgrimage,2,Bus/Train,Tuesday/Friday Peak,4,128
Gabriel Saxena,Under 20,2025-04-04,5-8 AM,Pilgrimage,6,Two-Wheeler,Tuesday/Friday Peak,2,199
Victor Bal,20-40,2025-10-15,5-8 AM,Pilgrimage,6,Two-Wheeler,Normal Day,2,115
Anjali Saini,60+,2025-05-30,2-5 PM,Tourism,1,Two-Wheeler,Tuesday/Friday Peak,3,152
Xavier Deo,40-60,2025-09-20,2-5 PM,Other,5,Two-Wheeler,Normal Day,3,68
Ladli Mann,60+,2025-05-28,5-8 AM,Pilgrimage,4,Two-Wheeler,Normal Day,4,113
Oni Bail,Under 20,2025-06-10,5-8 AM,Pilgrimage,3,Two-Wheeler,Tuesday/Friday Peak,5,193
Wishi Devi,20-40,2025-09-17,8-11 AM,Tourism,3,Two-Wheeler,Normal Day,4,94
Matthew Raj,20-40,2025-12-01,2-5 PM,Pilgrimage,4,Two-Wheeler,Normal Day,3,68
Jairaj Nagar,20-40,2025-09-17,8-11 AM,Festival,1,Car,Normal Day,5,73
Triya Prasad,40-60,2025-02-25,5-8 AM,Tourism,1,Two-Wheeler,Tuesday/Friday Peak,1,180
Raghav Kanda,60+,2025-06-29,5-8 AM,Pilgrimage,10,Two-Wheeler,Normal Day,3,125
Yasti Viswanathan,40-60,2025-11-11,5-8 PM,Pilgrimage,6,Car,Tuesday/Friday Peak,3,171
Maanas Varkey,20-40,2025-09-07,5-8 AM,Pilgrimage,2,Two-Wheeler,Normal Day,4,114
Noah Vala,60+,2025-11-09,2-5 PM,Pilgrimage,3,Car,Normal Day,5,50
Faris Badami,20-40,2025-06-07,8-11 AM,Pilgrimage,1,Two-Wheeler,Normal Day,1,101
Zehaan Krish,20-40,2025-07-02,5-8 AM,Festival,3,On Foot,Normal Day,3,91
Bimala Dubey,20-40,2025-08-23,5-8 AM,Pilgrimage,4,Car,Normal Day,3,100
Tamanna Doshi,20-40,2025-04-24,8-11 AM,Pilgrimage,7,Car,Normal Day,4,106
Janaki Balakrishnan,20-40,2025-09-19,5-8 AM,Pilgrimage,2,Car,Tuesday/Friday Peak,2,178
Tamanna Mahal,20-40,2025-04-04,8-11 AM,Festival,2,Two-Wheeler,Tuesday/Friday Peak,1,161
Girik Munshi,40-60,2025-04-07,5-8 AM,Pilgrimage,4,Two-Wheeler,Normal Day,3,109
Waida Sur,Under 20,2025-12-06,8-11 AM,Festival,2,Car,Normal Day,2,64
Manya Wable,60+,2025-06-15,5-8 AM,Tourism,3,Two-Wheeler,Normal Day,4,102
Brinda Chaudhuri,40-60,2025-10-14,2-5 PM,Pilgrimage,2,Car,Tuesday/Friday Peak,5,164
Azaan Zachariah,40-60,2025-08-01,8-11 AM,Pilgrimage,4,Two-Wheeler,Tuesday/Friday Peak,2,189
Andrew Grewal,Under 20,2025-07-22,2-5 PM,Pilgrimage,5,Car,Tuesday/Friday Peak,3,161
Megha Jain,40-60,2025-09-06,5-8 AM,Pilgrimage,5,Two-Wheeler,Normal Day,3,122
Isaiah Sankaran,20-40,2025-08-01,8-11 AM,Pilgrimage,2,Car,Tuesday/Friday Peak,3,167
Onveer Loyal,20-40,2025-05-30,8-11 AM,Pilgrimage,2,Bus/Train,Tuesday/Friday Peak,3,193
Ridhi Agate,Under 20,2025-10-04,5-8 AM,Pilgrimage,2,Two-Wheeler,Normal Day,2,113
Yochana Date,40-60,2025-08-07,5-8 PM,Tourism,4,Bus/Train,Normal Day,1,50
Nakul Gulati,40-60,2025-11-17,8-11 AM,Pilgrimage,3,Two-Wheeler,Normal Day,2,91
Sanaya Agate,40-60,2025-03-21,11 AM-2 PM,Tourism,3,Car,Tuesday/Friday Peak,2,146
Nidra Vasa,Under 20,2025-08-27,5-8 PM,Pilgrimage,2,Car,Full Moon,2,170
Nimrat Sethi,40-60,2025-10-13,5-8 AM,Pilgrimage,1,Two-Wheeler,Normal Day,1,99
Chaitaly Shroff,Under 20,2025-07-24,5-8 AM,Pilgrimage,1,Two-Wheeler,Normal Day,3,111
Mohammed Krishnamurthy,40-60,2025-09-05,5-8 AM,Pilgrimage,3,Two-Wheeler,Tuesday/Friday Peak,4,206
Yauvani Uppal,20-40,2025-04-24,5-8 AM,Pilgrimage,1,Bus/Train,Normal Day,5,113
Jackson Bandi,40-60,2025-11-06,8-11 AM,Other,6,Car,Normal Day,3,105
Leela Chaudry,20-40,2025-06-14,5-8 AM,Pilgrimage,3,Car,Normal Day,3,110
Chandani Raju,40-60,2025-11-25,8-11 AM,Pilgrimage,5,Car,Tuesday/Friday Peak,2,170
Yashawini Prabhu,Under 20,2025-10-17,5-8 AM,Pilgrimage,4,Car,Tuesday/Friday Peak,3,218
Dev Patel,60+,2025-08-21,8-11 AM,Pilgrimage,1,Car,Normal Day,2,94
Charvi Salvi,20-40,2025-10-13,8-11 AM,Tourism,3,Two-Wheeler,Normal Day,2,67
Ishita Bal,20-40,2025-11-04,8-11 AM,Festival,3,Two-Wheeler,Tuesday/Friday Peak,2,174
Vincent Chaudry,40-60,2025-06-17,5-8 AM,Pilgrimage,6,Car,Tuesday/Friday Peak,4,198
Neelima Walia,20-40,2025-06-01,8-11 AM,Festival,2,Car,Normal Day,2,104
Suhani Barman,20-40,2025-11-24,5-8 AM,Pilgrimage,4,Two-Wheeler,Normal Day,4,93
Krisha Bala,20-40,2025-03-21,5-8 AM,Tourism,3,Two-Wheeler,Tuesday/Friday Peak,2,183
Raagini Barad,40-60,2025-11-29,5-8 AM,Festival,2,Two-Wheeler,Normal Day,2,88
Megha Nayar,20-40,2025-05-20,5-8 AM,Pilgrimage,4,Car,Tuesday/Friday Peak,4,193
Theodore Barman,40-60,2025-04-14,8-11 AM,Pilgrimage,5,Bus/Train,Normal Day,5,97
Harsh Pandya,20-40,2025-04-25,11 AM-2 PM,Pilgrimage,1,Car,Tuesday/Friday Peak,1,123
Wakeeta Chadha,20-40,2025-02-22,5-8 AM,Tourism,1,Car,Normal Day,5,105
Ikbal Dewan,20-40,2025-09-01,11 AM-2 PM,Tourism,5,Car,Normal Day,4,60
Janani Pall,40-60,2025-07-06,11 AM-2 PM,Tourism,3,Car,Normal Day,3,65
Aarav Ravel,40-60,2025-02-13,11 AM-2 PM,Pilgrimage,3,Car,Normal Day,4,50
Saanvi Guha,20-40,2025-08-06,5-8 AM,Pilgrimage,1,Two-Wheeler,Normal Day,3,110
Chandran Chanda,60+,2025-08-21,8-11 AM,Pilgrimage,1,Two-Wheeler,Normal Day,1,64
Karan Karnik,20-40,2025-06-25,8-11 AM,Pilgrimage,3,Two-Wheeler,Normal Day,2,100
Peter Golla,20-40,2025-06-12,5-8 AM,Tourism,1,Two-Wheeler,Full Moon,4,222
Xiti Thaker,40-60,2025-08-25,5-8 PM,Tourism,6,Car,Normal Day,2,77
Bhavna Rout,Under 20,2025-12-05,5-8 AM,Tourism,1,Two-Wheeler,Tuesday/Friday Peak,2,185
Pranit Gade,40-60,2025-07-10,8-11 AM,Tourism,6,Two-Wheeler,Normal Day,5,101
Gauri Boase,40-60,2025-03-21,8-11 AM,Pilgrimage,4,Two-Wheeler,Tuesday/Friday Peak,2,182
Jai Aurora,40-60,2025-12-01,11 AM-2 PM,Tourism,2,Bus/Train,Normal Day,2,50
Arya Gopal,20-40,2025-11-09,2-5 PM,Pilgrimage,3,On Foot,Normal Day,3,58
Ikbal Sachar,20-40,2025-10-19,5-8 AM,Festival,3,Two-Wheeler,Normal Day,5,91
Vrishti Muni,60+,2025-04-08,5-8 PM,Pilgrimage,5,Car,Tuesday/Friday Peak,3,136
Qadim Murty,20-40,2025-07-22,5-8 AM,Pilgrimage,2,Two-Wheeler,Tuesday/Friday Peak,3,179
Simon Bhakta,40-60,2025-10-10,11 AM-2 PM,Festival,5,Car,Tuesday/Friday Peak,3,150
Yoshita Arya,Under 20,2025-09-02,5-8 AM,Festival,5,Two-Wheeler,Tuesday/Friday Peak,2,220
Lohit Sekhon,60+,2025-02-19,5-8 AM,Festival,5,Bus/Train,Normal Day,2,117
Wishi Ahluwalia,60+,2025-07-17,5-8 AM,Festival,3,Two-Wheeler,Normal Day,4,96
Jason Shetty,40-60,2025-04-14,8-11 AM,Tourism,2,Two-Wheeler,Normal Day,3,71
Naveen Gour,60+,2025-08-20,8-11 AM,Pilgrimage,3,Two-Wheeler,Normal Day,3,96
Deepa Sengupta,20-40,2025-09-24,5-8 PM,Pilgrimage,1,Car,Normal Day,4,64
Ansh Divan,20-40,2025-11-25,5-8 AM,Pilgrimage,5,Bus/Train,Tuesday/Friday Peak,5,194
Victor Badami,60+,2025-11-22,5-8 AM,Festival,3,Car,Normal Day,4,108
Qasim Murthy,20-40,2025-09-03,5-8 AM,Tourism,5,Two-Wheeler,Normal Day,4,127
Dakshesh Swaminathan,20-40,2025-05-22,2-5 PM,Festival,6,Two-Wheeler,Normal Day,2,50
Jai Bir,60+,2025-03-01,5-8 AM,Festival,4,Bus/Train,Normal Day,4,102
Qarin Tella,40-60,2025-07-23,5-8 AM,Pilgrimage,4,Two-Wheeler,Normal Day,3,110
Gaurangi Luthra,20-40,2025-09-23,8-11 AM,Pilgrimage,4,Bus/Train,Tuesday/Friday Peak,3,183
Banjeet Khare,20-40,2025-09-16,5-8 AM,Pilgrimage,1,Car,Tuesday/Friday Peak,4,208
Chandani Nayar,20-40,2025-06-14,8-11 AM,Tourism,5,Two-Wheeler,Normal Day,4,104
Ekta Bahl,20-40,2025-06-05,5-8 PM,Pilgrimage,6,Bus/Train,Normal Day,3,50
Meera Ranganathan,Under 20,2025-06-22,5-8 AM,Pilgrimage,6,Car,Normal Day,5,125
Nathaniel Zachariah,20-40,2025-08-05,5-8 AM,Pilgrimage,2,Car,Tuesday/Friday Peak,3,207
Lekha Khurana,60+,2025-05-06,5-8 AM,Tourism,1,Car,Tuesday/Friday Peak,1,205
Reyansh Pai,20-40,2025-10-14,5-8 PM,Pilgrimage,4,Two-Wheeler,Tuesday/Friday Peak,4,136
Unni Sahota,20-40,2025-04-03,8-11 AM,Tourism,6,Two-Wheeler,Normal Day,2,109
Jagrati Uppal,20-40,2025-06-27,5-8 AM,Pilgrimage,6,Two-Wheeler,Full Moon,3,246
Robert Grover,20-40,2025-03-04,8-11 AM,Tourism,4,Bus/Train,Tuesday/Friday Peak,1,161
Yashoda Gour,Under 20,2025-06-21,5-8 AM,Festival,3,Two-Wheeler,Normal Day,5,88
Gaurika Brahmbhatt,40-60,2025-09-29,8-11 AM,Tourism,3,Two-Wheeler,Normal Day,3,87
Advay Gulati,20-40,2025-05-01,8-11 AM,Pilgrimage,4,On Foot,Normal Day,4,102
Dalbir Agarwal,Under 20,2025-06-14,8-11 AM,Tourism,5,Two-Wheeler,Normal Day,2,93
Andrew Lalla,40-60,2025-10-06,2-5 PM,Tourism,4,Car,Normal Day,4,59
Wriddhish Bansal,Under 20,2025-09-28,5-8 AM,Pilgrimage,5,Two-Wheeler,Normal Day,3,117
Chaman Madan,20-40,2025-07-16,11 AM-2 PM,Festival,3,Two-Wheeler,Festival,5,219
Leena Morar,Under 20,2025-06-10,8-11 AM,Pilgrimage,5,Two-Wheeler,Tuesday/Friday Peak,1,193
Yashawini Kibe,Under 20,2025-11-21,5-8 AM,Pilgrimage,4,Two-Wheeler,Tuesday/Friday Peak,5,206
Pranit Saini,60+,2025-10-29,5-8 AM,Pilgrimage,2,Car,Normal Day,5,101
Aishani Mistry,20-40,2025-06-28,11 AM-2 PM,Pilgrimage,5,Two-Wheeler,Normal Day,2,61
Vedant Nayar,20-40,2025-05-14,8-11 AM,Pilgrimage,1,Bus/Train,Normal Day,3,66
Aarush Sehgal,20-40,2025-10-20,11 AM-2 PM,Other,4,Two-Wheeler,Normal Day,3,50
Chatresh Ranganathan,20-40,2025-03-24,8-11 AM,Pilgrimage,5,Two-Wheeler,Normal Day,2,81
Yashodhara Virk,Under 20,2025-08-27,11 AM-2 PM,Pilgrimage,4,On Foot,Full Moon,3,184
Yauvani Muni,20-40,2025-08-18,8-11 AM,Pilgrimage,1,Car,Normal Day,4,73
Victor Brar,40-60,2025-09-11,11 AM-2 PM,Pilgrimage,3,Car,Normal Day,4,50
Hamsini Deo,20-40,2025-10-12,5-8 AM,Pilgrimage,4,Two-Wheeler,Full Moon,2,224
Faras Ram,20-40,2025-08-25,5-8 PM,Tourism,3,Car,Normal Day,1,50
Girish Shankar,40-60,2025-12-02,5-8 AM,Festival,5,Two-Wheeler,Tuesday/Friday Peak,5,196
Aarini Mohan,20-40,2025-02-23,2-5 PM,Pilgrimage,5,Car,Normal Day,2,57
Tarak Kohli,20-40,2025-10-27,8-11 AM,Other,4,Bus/Train,Full Moon,4,212
Mekhala Rattan,Under 20,2025-10-04,11 AM-2 PM,Festival,3,Two-Wheeler,Normal Day,3,50
Ekaja Oak,20-40,2025-07-16,5-8 PM,Pilgrimage,5,Two-Wheeler,Festival,2,218
Bhavini Taneja,60+,2025-04-21,8-11 AM,Pilgrimage,2,Car,Normal Day,2,85
Shaurya Sha,20-40,2025-03-05,8-11 AM,Pilgrimage,5,Two-Wheeler,Normal Day,3,81
Devansh Kamdar,Under 20,2025-05-04,5-8 AM,Pilgrimage,3,Two-Wheeler,Normal Day,3,103
Mekhala Atwal,20-40,2025-02-18,8-11 AM,Tourism,1,Two-Wheeler,Tuesday/Friday Peak,3,160
Ekansh Rattan,Under 20,2025-05-11,8-11 AM,Tourism,3,Bus/Train,Normal Day,2,69
Gautami Chaudhari,60+,2025-08-17,5-8 AM,Festival,1,Bus/Train,Normal Day,3,97
Sarthak Bir,20-40,2025-06-18,11 AM-2 PM,Pilgrimage,6,Bus/Train,Normal Day,4,80
Jason Mand,20-40,2025-10-23,11 AM-2 PM,Pilgrimage,3,Two-Wheeler,Normal Day,2,70
William Zachariah,60+,2025-09-08,8-11 AM,Festival,6,Car,Normal Day,2,83
Champak Khalsa,20-40,2025-11-22,11 AM-2 PM,Festival,5,Two-Wheeler,Normal Day,3,75
Adweta Baria,40-60,2025-06-22,5-8 AM,Tourism,4,Car,Normal Day,3,108
Advik Brar,40-60,2025-03-23,5-8 AM,Pilgrimage,1,Two-Wheeler,Normal Day,2,118
Azaan Varty,40-60,2025-09-28,5-8 AM,Pilgrimage,5,Car,Normal Day,1,97
Veda Sem,20-40,2025-05-20,8-11 AM,Pilgrimage,4,Two-Wheeler,Tuesday/Friday Peak,4,171
Oni Tara,20-40,2025-02-21,8-11 AM,Pilgrimage,4,Car,Tuesday/Friday Peak,3,158
Zashil Dara,Under 20,2025-09-30,11 AM-2 PM,Tourism,1,Car,Tuesday/Friday Peak,5,145
Chandresh Konda,40-60,2025-11-11,5-8 PM,Tourism,2,Car,Tuesday/Friday Peak,1,139
Saumya Kale,20-40,2025-09-08,2-5 PM,Pilgrimage,5,Bus/Train,Normal Day,2,50
Bhavika Vasa,20-40,2025-07-19,8-11 AM,Festival,3,Car,Normal Day,2,87
Yauvani Ramakrishnan,20-40,2025-07-23,8-11 AM,Pilgrimage,3,On Foot,Normal Day,3,83
Megha Prasad,20-40,2025-05-26,8-11 AM,Pilgrimage,2,Two-Wheeler,Normal Day,5,97
Harish Dua,40-60,2025-04-07,8-11 AM,Pilgrimage,3,Car,Normal Day,2,77
Chandran Hans,60+,2025-08-19,5-8 AM,Pilgrimage,5,Bus/Train,Tuesday/Friday Peak,2,193
Girish Pai,60+,2025-03-24,8-11 AM,Tourism,1,Two-Wheeler,Normal Day,3,95
Manthan Nagi,20-40,2025-10-07,5-8 AM,Pilgrimage,1,Two-Wheeler,Tuesday/Friday Peak,3,188
Hemal Chhabra,20-40,2025-10-09,11 AM-2 PM,Festival,1,Car,Normal Day,2,59
Ryan Pandit,20-40,2025-11-17,5-8 PM,Pilgrimage,2,Two-Wheeler,Normal Day,2,69
Dev Upadhyay,Under 20,2025-06-18,5-8 PM,Pilgrimage,3,Bus/Train,Normal Day,3,75
Ojasvi Palan,20-40,2025-03-30,5-8 AM,Tourism,1,Bus/Train,Festival,5,239
Laksh Gade,20-40,2025-05-15,5-8 AM,Pilgrimage,2,On Foot,Normal Day,1,97
Vasatika Dewan,Under 20,2025-07-23,8-11 AM,Other,1,Two-Wheeler,Normal Day,5,97
Ayaan Chauhan,20-40,2025-09-23,8-11 AM,Pilgrimage,3,Two-Wheeler,Tuesday/Friday Peak,2,178
Unni Chatterjee,Under 20,2025-03-24,5-8 AM,Tourism,3,Bus/Train,Normal Day,2,117
Ira Rege,60+,2025-11-17,5-8 AM,Other,2,Bus/Train,Normal Day,1,105
Zansi De,Under 20,2025-03-17,5-8 AM,Pilgrimage,1,Two-Wheeler,Normal Day,4,92
Alexander Vyas,20-40,2025-10-08,8-11 AM,Pilgrimage,1,Car,Normal Day,3,90
Bhavya Lanka,20-40,2025-05-27,8-11 AM,Pilgrimage,3,Two-Wheeler,Full Moon,3,192
Teerth Sehgal,20-40,2025-11-24,5-8 AM,Pilgrimage,1,Car,Normal Day,2,84
Vasana Naidu,60+,2025-03-22,11 AM-2 PM,Pilgrimage,1,Car,Normal Day,2,53
Advika Balay,20-40,2025-02-13,8-11 AM,Pilgrimage,2,Bus/Train,Normal Day,3,66
Theodore Mody,20-40,2025-02-13,8-11 AM,Tourism,4,Two-Wheeler,Normal Day,3,89
Ekanta Ghosh,Under 20,2025-07-17,5-8 PM,Pilgrimage,5,Car,Normal Day,4,53
Girindra Sidhu,20-40,2025-04-23,8-11 AM,Pilgrimage,4,Bus/Train,Normal Day,4,93
Darsh Din,20-40,2025-09-04,8-11 AM,Festival,4,Car,Normal Day,3,86
Isaac Mallick,20-40,2025-04-04,8-11 AM,Pilgrimage,3,Car,Tuesday/Friday Peak,3,184
Oscar Chaudhary,20-40,2025-07-17,11 AM-2 PM,Pilgrimage,4,Two-Wheeler,Normal Day,5,78
Caleb Ganguly,20-40,2025-02-22,5-8 AM,Tourism,5,On Foot,Normal Day,4,108
Ishita Yadav,20-40,2025-07-10,5-8 AM,Pilgrimage,4,Two-Wheeler,Normal Day,5,120
Oscar Raghavan,60+,2025-06-30,5-8 AM,Pilgrimage,6,Two-Wheeler,Normal Day,4,123
Vidhi Rajagopalan,60+,2025-06-12,8-11 AM,Pilgrimage,1,Bus/Train,Full Moon,3,209
Theodore Shere,20-40,2025-04-13,8-11 AM,Pilgrimage,4,Car,Normal Day,3,68
Kai Iyer,60+,2025-07-07,11 AM-2 PM,Pilgrimage,7,Car,Normal Day,2,50
Rohan Aggarwal,20-40,2025-05-16,8-11 AM,Pilgrimage,2,Two-Wheeler,Tuesday/Friday Peak,4,180
Chanchal Chakraborty,40-60,2025-03-23,5-8 AM,Festival,4,Bus/Train,Normal Day,4,107
Zinal Hayre,20-40,2025-06-01,5-8 AM,Tourism,2,Bus/Train,Normal Day,2,93
Varsha Dutta,20-40,2025-02-28,8-11 AM,Pilgrimage,4,Two-Wheeler,Tuesday/Friday Peak,4,178
Jagrati Subramanian,20-40,2025-05-08,5-8 AM,Pilgrimage,3,Car,Normal Day,3,118
Samarth Ratti,20-40,2025-11-10,5-8 AM,Pilgrimage,4,Car,Normal Day,5,100
Yashoda Lalla,20-40,2025-07-11,5-8 PM,Tourism,3,Two-Wheeler,Tuesday/Friday Peak,4,165
Shravya Sarma,20-40,2025-04-19,8-11 AM,Pilgrimage,3,Two-Wheeler,Normal Day,2,104
Pavani Chhabra,20-40,2025-09-30,5-8 AM,Pilgrimage,3,Car,Tuesday/Friday Peak,4,182
Netra Ram,40-60,2025-10-31,5-8 AM,Festival,1,Car,Tuesday/Friday Peak,3,182
Diya Dhaliwal,40-60,2025-05-14,2-5 PM,Other,3,Bus/Train,Normal Day,3,50
Osha Rout,40-60,2025-04-21,5-8 PM,Pilgrimage,3,Bus/Train,Normal Day,4,64
Anusha Ravi,20-40,2025-09-05,5-8 AM,Pilgrimage,4,Bus/Train,Tuesday/Friday Peak,4,210
Vritti Swaminathan,20-40,2025-11-11,5-8 AM,Pilgrimage,5,Car,Tuesday/Friday Peak,4,188
Ubika Nair,20-40,2025-05-23,11 AM-2 PM,Festival,5,Bus/Train,Tuesday/Friday Peak,4,139
Harsh Dada,Under 20,2025-04-12,5-8 AM,Pilgrimage,5,Car,Full Moon,1,216
Bhavini Soman,40-60,2025-11-30,5-8 AM,Festival,4,Car,Normal Day,5,127
Michael Balan,20-40,2025-05-11,11 AM-2 PM,Pilgrimage,4,Car,Normal Day,1,50
Hardik Hegde,Under 20,2025-06-24,11 AM-2 PM,Pilgrimage,1,Two-Wheeler,Tuesday/Friday Peak,3,150
Qadim Balay,20-40,2025-06-17,11 AM-2 PM,Pilgrimage,4,On Foot,Tuesday/Friday Peak,5,140
Ekansh Dara,20-40,2025-10-11,5-8 AM,Tourism,10,Two-Wheeler,Normal Day,4,130
Vyanjana Dani,Under 20,2025-08-30,2-5 PM,Pilgrimage,3,Car,Normal Day,3,50
Nidhi Char,20-40,2025-08-06,8-11 AM,Pilgrimage,2,Car,Normal Day,5,76
Jacob Narain,40-60,2025-06-27,5-8 PM,Pilgrimage,1,Car,Full Moon,3,157
Aashi Bumb,20-40,2025-12-06,8-11 AM,Tourism,5,Car,Normal Day,4,74
Chakrika Srinivas,20-40,2025-08-09,8-11 AM,Pilgrimage,2,On Foot,Normal Day,3,72
Vanya Gala,20-40,2025-05-31,5-8 AM,Festival,1,Two-Wheeler,Normal Day,1,105
Maya Deshpande,40-60,2025-08-07,5-8 AM,Festival,3,Two-Wheeler,Normal Day,5,116
Radhika Sharaf,40-60,2025-09-29,5-8 AM,Festival,7,Two-Wheeler,Normal Day,3,121
Laban Karnik,40-60,2025-02-25,8-11 AM,Pilgrimage,2,Car,Tuesday/Friday Peak,2,192
Meera Jha,40-60,2025-11-28,8-11 AM,Pilgrimage,7,Two-Wheeler,Tuesday/Friday Peak,2,195
Gaurangi Ganesan,20-40,2025-10-09,5-8 AM,Pilgrimage,5,Bus/Train,Normal Day,2,118
Vincent Contractor,40-60,2025-02-13,2-5 PM,Other,3,Two-Wheeler,Normal Day,2,60
Gopal Dyal,20-40,2025-07-02,11 AM-2 PM,Pilgrimage,4,Two-Wheeler,Normal Day,3,57
Gopal Chander,20-40,2025-07-24,8-11 AM,Festival,5,Bus/Train,Normal Day,2,102
Triveni Sengupta,20-40,2025-10-26,5-8 AM,Pilgrimage,4,Two-Wheeler,Normal Day,3,108
Arjun Kumar,40-60,2025-09-15,5-8 AM,Pilgrimage,5,Two-Wheeler,Normal Day,2,115
Gopal Gandhi,20-40,2025-03-24,2-5 PM,Pilgrimage,3,Car,Normal Day,3,50
Ishaan Chacko,20-40,2025-05-02,5-8 AM,Pilgrimage,3,Bus/Train,Tuesday/Friday Peak,4,198
Fitan Ramachandran,40-60,2025-07-31,5-8 AM,Festival,2,Car,Normal Day,5,120
Vansha Nigam,20-40,2025-08-22,8-11 AM,Other,1,Bus/Train,Tuesday/Friday Peak,4,192
Frederick Mitter,20-40,2025-07-17,8-11 AM,Pilgrimage,9,Two-Wheeler,Normal Day,3,118
Prisha Narayanan,40-60,2025-02-23,5-8 AM,Festival,2,Two-Wheeler,Normal Day,2,113
Rohan Chad,40-60,2025-09-13,8-11 AM,Pilgrimage,5,Two-Wheeler,Normal Day,2,98
Ekaja Hayer,20-40,2025-04-15,8-11 AM,Tourism,2,Car,Tuesday/Friday Peak,3,180
Ati Manda,40-60,2025-08-01,5-8 AM,Tourism,5,Car,Tuesday/Friday Peak,2,189
Tanmayi Biswas,40-60,2025-06-04,5-8 AM,Pilgrimage,3,Two-Wheeler,Normal Day,2,116
Qabil Chada,Under 20,2025-06-21,5-8 AM,Tourism,7,Two-Wheeler,Normal Day,4,124
Simon Bail,Under 20,2025-06-30,8-11 AM,Pilgrimage,4,Two-Wheeler,Normal Day,5,102
Hema Garg,20-40,2025-04-23,11 AM-2 PM,Festival,5,Two-Wheeler,Normal Day,5,71
Urishilla Dave,20-40,2025-03-23,5-8 AM,Other,4,Car,Normal Day,5,98
Champak Sarkar,40-60,2025-10-27,5-8 AM,Pilgrimage,4,Car,Full Moon,2,242
Advika Chand,20-40,2025-10-03,11 AM-2 PM,Pilgrimage,4,Car,Tuesday/Friday Peak,3,137
Rachana Dora,40-60,2025-06-14,5-8 PM,Tourism,6,Two-Wheeler,Normal Day,4,80
Chaman Kaur,40-60,2025-08-17,8-11 AM,Tourism,8,Two-Wheeler,Normal Day,2,95
Neelima Jayaraman,20-40,2025-05-12,5-8 AM,Other,1,Two-Wheeler,Full Moon,3,204
Chakradhar Upadhyay,40-60,2025-06-10,5-8 AM,Tourism,1,Car,Tuesday/Friday Peak,4,212
Zayyan Choudhary,20-40,2025-02-12,5-8 AM,Tourism,1,Two-Wheeler,Full Moon,3,214
Abhiram Naidu,Under 20,2025-10-28,8-11 AM,Pilgrimage,2,Two-Wheeler,Tuesday/Friday Peak,2,157
Arya Gade,20-40,2025-10-23,8-11 AM,Pilgrimage,2,Two-Wheeler,Normal Day,3,74
Jagrati Parekh,20-40,2025-07-18,5-8 AM,Festival,9,On Foot,Tuesday/Friday Peak,5,225
Adya Khalsa,40-60,2025-03-11,5-8 AM,Pilgrimage,2,Car,Tuesday/Friday Peak,4,191
Rachana Sama,20-40,2025-03-24,2-5 PM,Tourism,6,Car,Normal Day,2,82
Anjali De,20-40,2025-12-01,2-5 PM,Pilgrimage,5,On Foot,Normal Day,3,50
Mitesh Babu,20-40,2025-06-21,11 AM-2 PM,Pilgrimage,5,Car,Normal Day,1,74
Mugdha Shankar,20-40,2025-09-06,2-5 PM,Festival,2,Two-Wheeler,Normal Day,2,58
Vincent Rajagopal,Under 20,2025-12-06,11 AM-2 PM,Pilgrimage,1,Car,Normal Day,2,50
Girik Sami,Under 20,2025-09-22,8-11 AM,Pilgrimage,6,Two-Wheeler,Normal Day,2,81
Jai Seshadri,20-40,2025-06-27,8-11 AM,Pilgrimage,5,Two-Wheeler,Full Moon,3,212
Vivaan Khare,20-40,2025-03-16,5-8 PM,Festival,5,Two-Wheeler,Normal Day,3,76
Meghana Verma,20-40,2025-06-26,2-5 PM,Pilgrimage,5,Two-Wheeler,Normal Day,1,65
George Sami,Under 20,2025-10-26,5-8 AM,Pilgrimage,6,On Foot,Normal Day,5,94
Unnati Rege,60+,2025-10-31,5-8 AM,Pilgrimage,1,Car,Tuesday/Friday Peak,1,194
Lopa Modi,40-60,2025-12-06,5-8 AM,Festival,2,Car,Normal Day,1,110
Harita Gara,20-40,2025-06-14,2-5 PM,Pilgrimage,2,Car,Normal Day,4,70
Umang Mallick,Under 20,2025-06-01,5-8 AM,Festival,5,Two-Wheeler,Normal Day,3,92
Kamala Swaminathan,40-60,2025-10-30,8-11 AM,Festival,2,Two-Wheeler,Normal Day,4,79
Madhavi Ahluwalia,20-40,2025-06-17,5-8 AM,Pilgrimage,7,Car,Tuesday/Friday Peak,4,214
Aarini Sarna,20-40,2025-09-26,5-8 AM,Pilgrimage,1,Car,Tuesday/Friday Peak,3,210
Rehaan Agate,Under 20,2025-05-18,8-11 AM,Pilgrimage,7,Bus/Train,Normal Day,2,96
Chatresh Sagar,20-40,2025-06-09,5-8 AM,Tourism,2,Two-Wheeler,Normal Day,3,104
Saanvi Arya,20-40,2025-10-29,8-11 AM,Other,4,On Foot,Normal Day,4,92
Tara Khalsa,Under 20,2025-06-09,5-8 AM,Pilgrimage,5,Bus/Train,Normal Day,4,114
Zayyan Arora,40-60,2025-02-26,8-11 AM,Festival,4,Bus/Train,Festival,5,220
Gaurav Rajagopalan,60+,2025-06-14,8-11 AM,Pilgrimage,4,Two-Wheeler,Normal Day,3,78
Ekiya Walia,20-40,2025-08-31,5-8 PM,Festival,3,Two-Wheeler,Normal Day,5,55
Parth Vala,20-40,2025-05-01,5-8 AM,Pilgrimage,2,Two-Wheeler,Normal Day,3,99
Omkaar Lad,20-40,2025-09-05,5-8 AM,Pilgrimage,4,Two-Wheeler,Tuesday/Friday Peak,4,218
Forum Kala,40-60,2025-09-28,5-8 AM,Pilgrimage,3,Bus/Train,Normal Day,5,107
Yashoda Narasimhan,Under 20,2025-08-06,8-11 AM,Tourism,5,Car,Normal Day,5,92
Luke Gill,Under 20,2025-11-15,5-8 AM,Tourism,1,Two-Wheeler,Normal Day,3,103
Gavin Tara,20-40,2025-08-01,8-11 AM,Pilgrimage,6,Two-Wheeler,Tuesday/Friday Peak,4,186
Yashasvi Kashyap,40-60,2025-11-17,8-11 AM,Pilgrimage,8,Car,Normal Day,2,102
Aarav Lal,20-40,2025-03-16,8-11 AM,Pilgrimage,4,Car,Normal Day,5,84
Rajata Deshmukh,20-40,2025-07-07,8-11 AM,Pilgrimage,3,Two-Wheeler,Normal Day,4,91
Gayathri Chandra,40-60,2025-06-07,8-11 AM,Pilgrimage,4,Car,Normal Day,3,105
Vasana Jaggi,20-40,2025-08-14,5-8 AM,Pilgrimage,2,Car,Normal Day,3,95
Odika Tella,60+,2025-11-06,8-11 AM,Festival,5,Two-Wheeler,Normal Day,4,99
Anamika Rana,20-40,2025-07-27,8-11 AM,Pilgrimage,6,Two-Wheeler,Full Moon,3,192
Isaac Mahal,20-40,2025-06-27,5-8 AM,Pilgrimage,4,Car,Full Moon,4,229
Vidhi Chaudhari,60+,2025-03-22,2-5 PM,Pilgrimage,5,Car,Normal Day,3,50
Qasim Shankar,20-40,2025-10-07,2-5 PM,Pilgrimage,2,Two-Wheeler,Tuesday/Friday Peak,4,159
Robert Bhatt,40-60,2025-08-13,8-11 AM,Pilgrimage,3,Two-Wheeler,Normal Day,1,80
Ayushman Magar,60+,2025-09-29,8-11 AM,Other,2,Car,Normal Day,3,77
Imaran Shere,60+,2025-04-23,5-8 AM,Festival,5,Car,Normal Day,5,130
Wyatt Karpe,20-40,2025-04-09,2-5 PM,Pilgrimage,6,Car,Normal Day,4,50
Benjamin Sibal,60+,2025-05-15,5-8 PM,Pilgrimage,4,Two-Wheeler,Normal Day,1,52
Darika Malhotra,Under 20,2025-06-03,11 AM-2 PM,Pilgrimage,3,Car,Tuesday/Friday Peak,3,143
Atharv Mammen,Under 20,2025-09-02,5-8 AM,Pilgrimage,4,Two-Wheeler,Tuesday/Friday Peak,1,180
Radhika Palan,20-40,2025-11-29,8-11 AM,Pilgrimage,5,Two-Wheeler,Normal Day,4,76
Gaurangi Chopra,60+,2025-03-25,2-5 PM,Pilgrimage,1,Two-Wheeler,Tuesday/Friday Peak,2,157
Harish Lad,20-40,2025-06-05,5-8 AM,Pilgrimage,6,Two-Wheeler,Normal Day,3,121
Balhaar Mall,40-60,2025-07-15,5-8 AM,Pilgrimage,2,Two-Wheeler,Tuesday/Friday Peak,4,191
Jyoti Subramaniam,20-40,2025-06-20,5-8 AM,Pilgrimage,2,Two-Wheeler,Tuesday/Friday Peak,3,190
Janani Jhaveri,20-40,2025-06-08,5-8 AM,Pilgrimage,1,Car,Normal Day,4,85
Samarth Chada,20-40,2025-04-26,5-8 AM,Tourism,2,Two-Wheeler,Normal Day,4,90
Yashica Bala,20-40,2025-04-27,8-11 AM,Pilgrimage,6,Bus/Train,Full Moon,2,213
Faraj Chand,Under 20,2025-09-04,8-11 AM,Pilgrimage,7,Two-Wheeler,Normal Day,5,110
Upadhriti Malhotra,40-60,2025-09-06,11 AM-2 PM,Pilgrimage,1,Bus/Train,Normal Day,1,54
Ethan Kar,20-40,2025-07-16,11 AM-2 PM,Pilgrimage,4,Car,Festival,4,193
Yatin Divan,20-40,2025-12-09,5-8 AM,Pilgrimage,5,Two-Wheeler,Tuesday/Friday Peak,5,212
Neelima Behl,Under 20,2025-04-17,5-8 AM,Pilgrimage,2,Car,Normal Day,2,87
Faraj Pant,20-40,2025-03-24,11 AM-2 PM,Pilgrimage,7,Car,Normal Day,2,83
Hiral Chakraborty,40-60,2025-07-11,5-8 AM,Festival,4,Two-Wheeler,Tuesday/Friday Peak,4,216
Ekalinga Sunder,20-40,2025-05-16,8-11 AM,Festival,3,Bus/Train,Tuesday/Friday Peak,3,191
Frederick Bhatnagar,20-40,2025-09-07,5-8 AM,Pilgrimage,2,Two-Wheeler,Normal Day,3,93
Edhitha Wagle,20-40,2025-11-02,8-11 AM,Pilgrimage,3,Two-Wheeler,Normal Day,3,82
Tara Chaudhari,20-40,2025-03-20,8-11 AM,Festival,6,Car,Normal Day,4,82
Rudra Doshi,20-40,2025-11-04,5-8 AM,Pilgrimage,7,Bus/Train,Tuesday/Friday Peak,2,203
Inaya Grewal,40-60,2025-05-31,8-11 AM,Pilgrimage,5,Car,Normal Day,1,93
Urvashi Nadig,20-40,2025-02-12,8-11 AM,Pilgrimage,2,Bus/Train,Full Moon,1,195
Tristan Pathak,60+,2025-04-21,8-11 AM,Pilgrimage,2,Two-Wheeler,Normal Day,5,66
Ekiya Khurana,40-60,2025-06-11,8-11 AM,Pilgrimage,4,Car,Normal Day,3,85
Sudiksha Mahal,20-40,2025-12-06,5-8 PM,Pilgrimage,4,Bus/Train,Normal Day,3,50
Reva Chhabra,60+,2025-04-23,5-8 AM,Pilgrimage,4,Two-Wheeler,Normal Day,5,92
Aachal Khosla,40-60,2025-08-01,5-8 AM,Pilgrimage,2,Two-Wheeler,Tuesday/Friday Peak,3,201
Aahana Karnik,20-40,2025-11-03,5-8 PM,Pilgrimage,4,On Foot,Normal Day,5,67
Yashica Baria,60+,2025-09-21,5-8 AM,Pilgrimage,5,On Foot,Normal Day,5,104
Rishi Viswanathan,40-60,2025-02-16,5-8 PM,Other,4,Two-Wheeler,Normal Day,3,50
Oeshi Kata,40-60,2025-06-24,5-8 AM,Pilgrimage,8,Two-Wheeler,Tuesday/Friday Peak,4,187
Shaurya Natt,40-60,2025-05-21,5-8 PM,Tourism,1,Two-Wheeler,Normal Day,2,50
Kai Prabhakar,40-60,2025-05-15,8-11 AM,Festival,2,Two-Wheeler,Normal Day,3,77
Dayita Balakrishnan,20-40,2025-02-21,8-11 AM,Tourism,4,Car,Tuesday/Friday Peak,1,168
Reyansh Kadakia,Under 20,2025-05-28,5-8 AM,Pilgrimage,6,Two-Wheeler,Normal Day,1,111
Sudiksha Sandal,20-40,2025-08-16,11 AM-2 PM,Tourism,1,Car,Normal Day,3,50
Faraj Lala,Under 20,2025-04-13,8-11 AM,Pilgrimage,4,Car,Normal Day,5,97
Ria Parmar,40-60,2025-04-13,8-11 AM,Pilgrimage,5,Two-Wheeler,Normal Day,3,100
Vansha Kaul,Under 20,2025-03-29,8-11 AM,Other,7,Car,Festival,3,227
Guneet Setty,20-40,2025-04-08,11 AM-2 PM,Pilgrimage,3,Car,Tuesday/Friday Peak,3,164
Gaurang Grewal,20-40,2025-05-01,8-11 AM,Festival,3,Two-Wheeler,Normal Day,4,78
Pavani Din,20-40,2025-09-16,5-8 AM,Pilgrimage,2,Two-Wheeler,Tuesday/Friday Peak,2,189
Yatan Sachdev,20-40,2025-04-04,5-8 PM,Festival,4,Car,Tuesday/Friday Peak,5,150
Ishanvi Singh,20-40,2025-04-10,5-8 AM,Pilgrimage,3,Two-Wheeler,Normal Day,5,109
Elijah Kulkarni,Under 20,2025-11-06,8-11 AM,Pilgrimage,5,Two-Wheeler,Normal Day,2,89
Chakradev Wali,60+,2025-03-25,8-11 AM,Pilgrimage,4,Bus/Train,Tuesday/Friday Peak,4,185
Hemal Ben,20-40,2025-05-27,8-11 AM,Pilgrimage,2,Two-Wheeler,Full Moon,1,201
Dalbir Jha,Under 20,2025-02-27,11 AM-2 PM,Pilgrimage,7,On Foot,Full Moon,2,168
Maanav Sant,20-40,2025-12-09,8-11 AM,Festival,5,Two-Wheeler,Tuesday/Friday Peak,2,173
Pranit Dugar,Under 20,2025-07-19,5-8 AM,Pilgrimage,3,Car,Normal Day,3,118
Jairaj Nazareth,40-60,2025-09-05,11 AM-2 PM,Festival,3,Car,Tuesday/Friday Peak,4,159
Mitali Golla,40-60,2025-09-20,8-11 AM,Pilgrimage,8,Two-Wheeler,Normal Day,1,100
Ayush Doshi,Under 20,2025-10-07,11 AM-2 PM,Pilgrimage,2,Two-Wheeler,Tuesday/Friday Peak,5,157
Kashish Chokshi,20-40,2025-08-06,5-8 AM,Pilgrimage,5,Two-Wheeler,Normal Day,2,98
Ekbal Dave,20-40,2025-04-23,5-8 AM,Tourism,5,Two-Wheeler,Normal Day,5,115
Laksh Sood,20-40,2025-04-21,2-5 PM,Pilgrimage,6,Two-Wheeler,Normal Day,4,68
Tanveer Mahal,20-40,2025-07-02,5-8 AM,Festival,2,Two-Wheeler,Normal Day,3,90
Ekaraj Keer,20-40,2025-04-20,2-5 PM,Pilgrimage,6,Car,Normal Day,3,80
Abhiram Kunda,20-40,2025-12-08,5-8 AM,Pilgrimage,1,Bus/Train,Normal Day,1,87
George Modi,Under 20,2025-07-13,5-8 PM,Pilgrimage,3,Car,Normal Day,5,58
Neel Kapoor,40-60,2025-11-07,2-5 PM,Tourism,1,Two-Wheeler,Tuesday/Friday Peak,5,152
Manan Mand,20-40,2025-12-01,8-11 AM,Festival,3,Two-Wheeler,Normal Day,2,105
Brijesh Kapoor,40-60,2025-07-26,5-8 AM,Festival,3,Bus/Train,Normal Day,4,123
Chanakya Sarkar,40-60,2025-06-07,5-8 AM,Tourism,3,Two-Wheeler,Normal Day,3,106
Yasti Thakur,60+,2025-07-10,8-11 AM,Pilgrimage,9,Car,Normal Day,3,102
Ekaraj Sood,Under 20,2025-04-24,5-8 AM,Festival,4,Two-Wheeler,Normal Day,1,104
Chasmum Shroff,20-40,2025-11-27,5-8 AM,Other,4,Two-Wheeler,Full Moon,3,212
Samuel Goda,40-60,2025-08-11,5-8 AM,Festival,3,Car,Normal Day,4,123
Osha Nair,20-40,2025-08-02,5-8 AM,Tourism,5,Two-Wheeler,Normal Day,2,94
Xavier Rastogi,40-60,2025-11-13,8-11 AM,Pilgrimage,5,Car,Normal Day,3,86
Pallavi Pal,60+,2025-05-16,8-11 AM,Pilgrimage,5,Two-Wheeler,Tuesday/Friday Peak,5,168
Aryan Saran,20-40,2025-11-22,5-8 PM,Pilgrimage,2,Two-Wheeler,Normal Day,2,50
Mohini Om,20-40,2025-06-26,5-8 AM,Pilgrimage,4,Two-Wheeler,Normal Day,3,95
Vinaya Prakash,20-40,2025-04-10,5-8 AM,Pilgrimage,3,Two-Wheeler,Normal Day,4,100
Aayush Bandi,20-40,2025-09-05,2-5 PM,Festival,3,Two-Wheeler,Tuesday/Friday Peak,3,143
Vasudha Ramaswamy,20-40,2025-05-22,5-8 AM,Pilgrimage,3,Car,Normal Day,2,102
Chanakya Upadhyay,20-40,2025-04-15,8-11 AM,Pilgrimage,3,Two-Wheeler,Tuesday/Friday Peak,4,180
Neel Karan,20-40,2025-05-19,11 AM-2 PM,Tourism,4,Car,Normal Day,1,58
Krishna Bumb,20-40,2025-04-21,8-11 AM,Tourism,1,Two-Wheeler,Normal Day,3,85
Kashvi Bhatnagar,Under 20,2025-09-09,5-8 AM,Pilgrimage,5,Two-Wheeler,Tuesday/Friday Peak,5,181
Jackson Samra,40-60,2025-10-31,5-8 AM,Pilgrimage,3,Two-Wheeler,Tuesday/Friday Peak,2,215
Vasana Gera,20-40,2025-07-13,5-8 AM,Pilgrimage,6,On Foot,Normal Day,2,95
Lakshmi Babu,20-40,2025-07-29,5-8 AM,Tourism,3,Two-Wheeler,Tuesday/Friday Peak,2,189
Avi Chaudhry,40-60,2025-09-19,11 AM-2 PM,Pilgrimage,2,Two-Wheeler,Tuesday/Friday Peak,1,151
Ronith Randhawa,40-60,2025-11-28,8-11 AM,Pilgrimage,6,Two-Wheeler,Tuesday/Friday Peak,3,180
Nilima Jhaveri,20-40,2025-07-25,5-8 AM,Tourism,7,Two-Wheeler,Tuesday/Friday Peak,3,223
Darika Lad,Under 20,2025-07-31,5-8 AM,Pilgrimage,1,Two-Wheeler,Normal Day,3,91
Frederick Chandran,20-40,2025-10-06,5-8 AM,Pilgrimage,4,Two-Wheeler,Normal Day,4,97
Vamakshi Sachar,20-40,2025-02-14,5-8 AM,Pilgrimage,6,Car,Tuesday/Friday Peak,5,194
Noah Mody,Under 20,2025-09-15,8-11 AM,Festival,3,Two-Wheeler,Normal Day,2,76
Samaksh Saraf,20-40,2025-09-17,2-5 PM,Pilgrimage,5,Car,Normal Day,4,56
Manthan Bassi,20-40,2025-08-23,2-5 PM,Pilgrimage,5,Two-Wheeler,Normal Day,3,65
Aarna Kalita,40-60,2025-06-26,8-11 AM,Pilgrimage,5,Bus/Train,Normal Day,2,72
Sachi Gaba,20-40,2025-10-19,2-5 PM,Pilgrimage,5,Car,Normal Day,2,51
Ijaya Bir,20-40,2025-09-17,5-8 AM,Tourism,8,Car,Normal Day,4,122
Praneel Kalita,40-60,2025-06-21,8-11 AM,Pilgrimage,4,Car,Normal Day,5,70
Eesha Chaudhuri,Under 20,2025-06-18,8-11 AM,Pilgrimage,3,Car,Normal Day,4,103
Rehaan Butala,40-60,2025-12-02,8-11 AM,Pilgrimage,6,Two-Wheeler,Tuesday/Friday Peak,4,188
Pratyush Thakkar,20-40,2025-06-25,5-8 AM,Pilgrimage,7,Two-Wheeler,Normal Day,3,97
Ishaan Ranganathan,20-40,2025-06-10,2-5 PM,Pilgrimage,2,Two-Wheeler,Tuesday/Friday Peak,5,144
Gaurav Date,20-40,2025-11-19,5-8 AM,Pilgrimage,1,Car,Normal Day,1,96
Charvi Malhotra,60+,2025-05-01,5-8 AM,Festival,3,Bus/Train,Normal Day,1,88
Balvan Kamdar,20-40,2025-04-01,8-11 AM,Pilgrimage,2,Car,Tuesday/Friday Peak,4,170
Ubika Sarna,20-40,2025-11-18,5-8 AM,Pilgrimage,4,Two-Wheeler,Tuesday/Friday Peak,3,196
Gavin Panchal,60+,2025-02-25,5-8 AM,Pilgrimage,3,Bus/Train,Tuesday/Friday Peak,3,215
Lucky Nadkarni,40-60,2025-10-02,5-8 AM,Festival,6,Bus/Train,Normal Day,3,96
Jalsa Pandit,20-40,2025-09-09,5-8 AM,Pilgrimage,3,Bus/Train,Tuesday/Friday Peak,5,184
Ekbal Jani,40-60,2025-11-04,8-11 AM,Tourism,6,Two-Wheeler,Tuesday/Friday Peak,5,174
Aashi Cheema,40-60,2025-09-07,5-8 AM,Pilgrimage,5,On Foot,Normal Day,2,99
Vasudha Parmer,20-40,2025-03-26,5-8 AM,Festival,4,Bus/Train,Normal Day,3,98
Finn Chaudhry,20-40,2025-07-20,8-11 AM,Tourism,5,Two-Wheeler,Normal Day,2,102
Aayush Chadha,60+,2025-03-10,5-8 AM,Festival,1,Car,Normal Day,4,104
Bhavna Garde,20-40,2025-02-19,11 AM-2 PM,Tourism,3,Bus/Train,Normal Day,5,50
Baljiwan Prakash,20-40,2025-08-14,5-8 AM,Festival,6,Two-Wheeler,Normal Day,3,106
Frederick Nagy,40-60,2025-06-23,5-8 AM,Festival,5,Two-Wheeler,Normal Day,3,107
Dayamai Kothari,Under 20,2025-03-11,5-8 AM,Pilgrimage,3,Bus/Train,Tuesday/Friday Peak,1,194
Brijesh Soni,20-40,2025-03-16,5-8 AM,Pilgrimage,1,Car,Normal Day,5,94
Ronith Narayan,20-40,2025-04-27,11 AM-2 PM,Tourism,3,Two-Wheeler,Full Moon,5,195
Urishilla Bhakta,20-40,2025-03-01,5-8 AM,Tourism,4,Car,Normal Day,3,108
Unnati Sathe,Under 20,2025-03-19,8-11 AM,Pilgrimage,4,Two-Wheeler,Normal Day,3,71
Wyatt Dewan,20-40,2025-10-18,5-8 AM,Pilgrimage,4,Bus/Train,Normal Day,3,92
Oliver Palan,20-40,2025-09-19,5-8 AM,Tourism,1,Two-Wheeler,Tuesday/Friday Peak,4,181
Pratyush Vohra,40-60,2025-04-30,11 AM-2 PM,Pilgrimage,6,Two-Wheeler,Normal Day,3,57
Neha Contractor,Under 20,2025-05-22,5-8 AM,Pilgrimage,2,Two-Wheeler,Normal Day,3,112
Falak Thaman,40-60,2025-04-29,5-8 AM,Pilgrimage,3,Two-Wheeler,Tuesday/Friday Peak,3,177
Daniel Tank,40-60,2025-07-05,8-11 AM,Pilgrimage,5,Car,Normal Day,2,76
Warda Khurana,20-40,2025-09-09,8-11 AM,Tourism,2,Bus/Train,Tuesday/Friday Peak,2,186
Ekansh Agrawal,20-40,2025-11-19,5-8 AM,Festival,3,Car,Normal Day,2,117
Azaan Suresh,20-40,2025-07-17,11 AM-2 PM,Pilgrimage,6,Car,Normal Day,3,54
Naveen Subramaniam,Under 20,2025-09-10,2-5 PM,Pilgrimage,7,Car,Normal Day,2,67
Radhika Shroff,20-40,2025-06-08,2-5 PM,Tourism,5,Car,Normal Day,4,61
Harsh Kapoor,20-40,2025-06-15,11 AM-2 PM,Tourism,2,On Foot,Normal Day,4,55
Ekbal Dani,Under 20,2025-07-02,11 AM-2 PM,Tourism,2,Car,Normal Day,1,72
Arunima Krishnan,60+,2025-03-13,2-5 PM,Festival,5,Two-Wheeler,Normal Day,2,54
Aashi Ramaswamy,40-60,2025-04-05,8-11 AM,Tourism,1,Two-Wheeler,Normal Day,4,87
Aarini Ramachandran,20-40,2025-06-24,5-8 AM,Pilgrimage,3,Two-Wheeler,Tuesday/Friday Peak,5,206
Vidhi Dass,60+,2025-10-26,5-8 AM,Festival,5,Two-Wheeler,Normal Day,5,115
Mekhala Mane,40-60,2025-08-11,5-8 AM,Festival,2,Two-Wheeler,Normal Day,3,97
Mekhala Mohan,Under 20,2025-02-20,8-11 AM,Pilgrimage,1,Two-Wheeler,Normal Day,3,78
Maanav Sengupta,20-40,2025-04-01,2-5 PM,Tourism,3,Two-Wheeler,Tuesday/Friday Peak,3,163
Kevin Rau,20-40,2025-06-25,11 AM-2 PM,Pilgrimage,2,Two-Wheeler,Normal Day,2,73
Zayan Sibal,Under 20,2025-04-03,5-8 AM,Pilgrimage,3,Bus/Train,Normal Day,2,107
Urvi Dutta,20-40,2025-07-12,5-8 AM,Tourism,3,Two-Wheeler,Full Moon,1,207
Vrishti Raman,40-60,2025-06-17,5-8 AM,Tourism,3,Two-Wheeler,Tuesday/Friday Peak,2,195
Yug Kala,40-60,2025-03-20,8-11 AM,Pilgrimage,6,Two-Wheeler,Normal Day,4,102
Pranit Kumar,40-60,2025-07-12,5-8 AM,Pilgrimage,1,On Foot,Full Moon,4,215
Krisha Khanna,60+,2025-10-17,5-8 PM,Pilgrimage,1,Car,Tuesday/Friday Peak,1,155
Kala Dutt,40-60,2025-06-25,2-5 PM,Pilgrimage,1,Bus/Train,Normal Day,5,64
Ryan Radhakrishnan,20-40,2025-05-28,5-8 AM,Pilgrimage,8,Two-Wheeler,Normal Day,3,115
Manan Sarna,20-40,2025-08-07,8-11 AM,Pilgrimage,4,Bus/Train,Normal Day,4,106
Qarin Biswas,20-40,2025-10-15,11 AM-2 PM,Pilgrimage,3,Two-Wheeler,Normal Day,2,51
Ekanta Hegde,Under 20,2025-03-29,2-5 PM,Pilgrimage,3,Car,Festival,5,221
Zarna Mane,Under 20,2025-04-22,5-8 AM,Tourism,3,Two-Wheeler,Tuesday/Friday Peak,2,216
Ayushman Chawla,20-40,2025-09-28,5-8 AM,Pilgrimage,7,Bus/Train,Normal Day,4,127
Nikita Samra,Under 20,2025-08-28,5-8 AM,Festival,2,Bus/Train,Normal Day,5,84
Brinda Nagarajan,60+,2025-09-04,5-8 AM,Tourism,5,Two-Wheeler,Normal Day,4,96
Neelima Contractor,60+,2025-05-01,5-8 AM,Pilgrimage,4,Two-Wheeler,Normal Day,5,91
Reyansh Mammen,20-40,2025-09-28,5-8 AM,Pilgrimage,4,Car,Normal Day,4,110
Aadi Vala,Under 20,2025-09-15,8-11 AM,Pilgrimage,3,Two-Wheeler,Normal Day,2,68
Lavanya Merchant,20-40,2025-08-18,5-8 PM,Festival,3,Two-Wheeler,Normal Day,4,54
Mohammed Kari,40-60,2025-02-13,8-11 AM,Pilgrimage,2,Two-Wheeler,Normal Day,2,69
Umang Magar,40-60,2025-05-21,8-11 AM,Pilgrimage,4,Car,Normal Day,3,70
Michael Lanka,Under 20,2025-11-09,5-8 AM,Pilgrimage,6,Two-Wheeler,Normal Day,3,126
Gauri Contractor,20-40,2025-09-28,8-11 AM,Other,5,Car,Normal Day,3,78
Chandani Madan,40-60,2025-04-13,8-11 AM,Pilgrimage,2,Two-Wheeler,Normal Day,3,100
Edhitha Bal,60+,2025-06-22,5-8 PM,Festival,5,Car,Normal Day,4,50
Ayaan Chakrabarti,20-40,2025-08-08,5-8 AM,Pilgrimage,4,Two-Wheeler,Tuesday/Friday Peak,3,206
Gauri Rastogi,40-60,2025-11-23,5-8 PM,Festival,7,Two-Wheeler,Normal Day,3,69
Tanish Raman,Under 20,2025-05-08,2-5 PM,Pilgrimage,9,Car,Normal Day,3,52
Arya Palla,20-40,2025-11-08,8-11 AM,Pilgrimage,7,Two-Wheeler,Normal Day,4,76
Neelima Soman,60+,2025-10-30,5-8 AM,Other,7,Car,Normal Day,2,124
Edhitha Pandit,20-40,2025-09-17,11 AM-2 PM,Pilgrimage,2,Car,Normal Day,4,58
Yatan Mahajan,20-40,2025-09-01,8-11 AM,Pilgrimage,2,Two-Wheeler,Normal Day,4,74
Ishita Mukherjee,Under 20,2025-10-08,5-8 PM,Pilgrimage,2,Car,Normal Day,4,50
Rajata Oza,40-60,2025-06-23,5-8 AM,Pilgrimage,4,Car,Normal Day,4,103
Qadim Karpe,Under 20,2025-11-24,5-8 AM,Pilgrimage,5,Two-Wheeler,Normal Day,3,96
Jalsa Kapur,40-60,2025-09-13,5-8 AM,Pilgrimage,6,Two-Wheeler,Normal Day,4,93
Oviya Vaidya,20-40,2025-07-22,11 AM-2 PM,Pilgrimage,3,On Foot,Tuesday/Friday Peak,3,143
Peter Deol,20-40,2025-09-22,5-8 AM,Pilgrimage,3,Two-Wheeler,Normal Day,4,108
Wakeeta Prabhu,40-60,2025-05-21,8-11 AM,Pilgrimage,2,Car,Normal Day,2,89
Tarak Nagy,40-60,2025-02-20,5-8 AM,Pilgrimage,4,Car,Normal Day,1,90
Divya Chowdhury,20-40,2025-10-26,8-11 AM,Tourism,2,Car,Normal Day,3,68
Anvi Bumb,Under 20,2025-05-16,2-5 PM,Other,2,Car,Tuesday/Friday Peak,4,127
Amol Khatri,40-60,2025-04-20,5-8 AM,Pilgrimage,4,Two-Wheeler,Normal Day,3,93
Devansh Dalal,Under 20,2025-06-25,5-8 AM,Pilgrimage,3,Car,Normal Day,3,111
Kalpit Sarin,20-40,2025-09-30,11 AM-2 PM,Other,6,Bus/Train,Tuesday/Friday Peak,3,165
Kala Barad,20-40,2025-08-08,8-11 AM,Tourism,3,Car,Tuesday/Friday Peak,4,184
Barkha Devan,20-40,2025-08-20,5-8 PM,Pilgrimage,4,Bus/Train,Normal Day,4,65
Laksh De,60+,2025-10-04,5-8 AM,Pilgrimage,3,Two-Wheeler,Normal Day,4,105
Tanvi Chacko,40-60,2025-09-11,11 AM-2 PM,Pilgrimage,3,Car,Normal Day,2,50
Hiral Sarraf,20-40,2025-03-25,8-11 AM,Pilgrimage,2,Two-Wheeler,Tuesday/Friday Peak,2,169
Brinda Mohan,20-40,2025-04-19,5-8 AM,Pilgrimage,2,Car,Normal Day,2,104
Dhriti Sankaran,60+,2025-12-05,8-11 AM,Pilgrimage,4,Car,Tuesday/Friday Peak,1,193
Maya Oza,20-40,2025-03-05,11 AM-2 PM,Pilgrimage,7,Two-Wheeler,Normal Day,5,65
Mitali Dalal,Under 20,2025-09-07,5-8 AM,Tourism,7,Bus/Train,Normal Day,3,95
Hiral Hayre,40-60,2025-05-11,5-8 AM,Other,4,Two-Wheeler,Normal Day,3,93
Sathvik Konda,40-60,2025-05-15,8-11 AM,Pilgrimage,3,Two-Wheeler,Normal Day,2,97
Wishi Thaker,20-40,2025-03-06,8-11 AM,Pilgrimage,3,On Foot,Normal Day,5,104
Nimrat Sengupta,Under 20,2025-12-08,5-8 AM,Pilgrimage,2,Two-Wheeler,Normal Day,2,121
Rajata Kanda,60+,2025-04-05,8-11 AM,Festival,4,Car,Normal Day,5,80
Dhriti Chawla,Under 20,2025-05-27,5-8 AM,Pilgrimage,4,Two-Wheeler,Full Moon,3,244
Mohammed Oommen,20-40,2025-09-26,8-11 AM,Pilgrimage,5,Car,Tuesday/Friday Peak,2,170
Falguni Garde,40-60,2025-04-05,5-8 AM,Pilgrimage,3,Two-Wheeler,Normal Day,4,106
Vasudha Memon,20-40,2025-04-16,2-5 PM,Festival,2,Car,Normal Day,3,51
Dayita Gade,20-40,2025-09-30,5-8 AM,Other,3,Two-Wheeler,Tuesday/Friday Peak,2,206
Sai Luthra,20-40,2025-03-20,8-11 AM,Pilgrimage,7,Car,Normal Day,3,98
Sanaya Bhatnagar,40-60,2025-03-07,5-8 AM,Pilgrimage,2,Two-Wheeler,Tuesday/Friday Peak,2,202
Qasim Dhillon,60+,2025-02-28,5-8 AM,Pilgrimage,5,Two-Wheeler,Tuesday/Friday Peak,3,182
Riya Hari,20-40,2025-08-11,8-11 AM,Pilgrimage,5,Car,Normal Day,5,75
Orinder Sankar,40-60,2025-11-05,8-11 AM,Festival,3,Car,Normal Day,4,85
Finn Venkatesh,Under 20,2025-07-27,5-8 PM,Festival,4,Two-Wheeler,Full Moon,3,189
Tanay Saha,20-40,2025-06-22,8-11 AM,Festival,4,Two-Wheeler,Normal Day,2,107
Wahab Warrior,20-40,2025-09-10,5-8 AM,Pilgrimage,2,Two-Wheeler,Normal Day,3,116
Neelima Kari,40-60,2025-12-05,5-8 AM,Pilgrimage,4,Two-Wheeler,Tuesday/Friday Peak,4,214
Vihaan Kant,20-40,2025-07-06,8-11 AM,Other,4,Two-Wheeler,Normal Day,4,100
David Khalsa,20-40,2025-11-05,5-8 AM,Pilgrimage,4,Car,Normal Day,3,111
Fitan Handa,Under 20,2025-07-03,2-5 PM,Pilgrimage,1,Two-Wheeler,Normal Day,5,50
Finn Pant,20-40,2025-06-23,11 AM-2 PM,Festival,1,Two-Wheeler,Normal Day,5,50
George Nadkarni,40-60,2025-07-26,8-11 AM,Pilgrimage,5,Two-Wheeler,Normal Day,4,89
Pooja Kapadia,40-60,2025-04-22,5-8 AM,Pilgrimage,2,Bus/Train,Tuesday/Friday Peak,2,183
Samuel Vyas,20-40,2025-10-21,8-11 AM,Tourism,2,Two-Wheeler,Tuesday/Friday Peak,3,158
Kalpit Chahal,20-40,2025-08-28,2-5 PM,Pilgrimage,5,Two-Wheeler,Normal Day,1,79
Wazir Lad,40-60,2025-03-02,5-8 AM,Pilgrimage,2,Bus/Train,Normal Day,3,115
Ikshita Gera,Under 20,2025-11-15,5-8 AM,Pilgrimage,6,Car,Normal Day,4,105
Balveer Dhawan,20-40,2025-10-30,2-5 PM,Pilgrimage,6,On Foot,Normal Day,5,57
George Chaudhary,20-40,2025-10-01,5-8 PM,Festival,1,Car,Normal Day,3,56
Indrajit Mukherjee,20-40,2025-10-07,5-8 AM,Pilgrimage,6,Two-Wheeler,Tuesday/Friday Peak,4,202
Anmol Rama,20-40,2025-03-26,5-8 AM,Pilgrimage,4,Car,Normal Day,4,104
Victor Dash,40-60,2025-02-19,5-8 AM,Pilgrimage,4,Car,Normal Day,5,108
Patrick Karnik,Under 20,2025-05-07,8-11 AM,Pilgrimage,2,Car,Normal Day,4,87
Gunbir Sha,Under 20,2025-06-10,2-5 PM,Pilgrimage,5,Car,Tuesday/Friday Peak,3,169
Chandresh Borde,Under 20,2025-08-27,5-8 AM,Pilgrimage,1,Two-Wheeler,Full Moon,3,204
Bachittar Virk,20-40,2025-07-11,5-8 AM,Pilgrimage,4,Bus/Train,Tuesday/Friday Peak,2,181
Ekiya Rajagopal,20-40,2025-03-27,5-8 AM,Pilgrimage,7,Car,Full Moon,2,245
Vrinda Arya,20-40,2025-05-26,5-8 AM,Pilgrimage,7,Car,Normal Day,3,110
Siya Kapoor,40-60,2025-03-17,5-8 AM,Tourism,6,Car,Normal Day,2,116
Odika Golla,20-40,2025-09-25,11 AM-2 PM,Pilgrimage,2,Bus/Train,Normal Day,2,50
Hemani Shanker,40-60,2025-07-26,5-8 AM,Festival,5,Two-Wheeler,Normal Day,5,109
Leena Chatterjee,60+,2025-09-29,5-8 PM,Pilgrimage,3,Two-Wheeler,Normal Day,2,53
Chaitanya Rau,20-40,2025-08-19,5-8 PM,Tourism,3,Two-Wheeler,Tuesday/Friday Peak,2,128
Wazir Doctor,20-40,2025-07-26,5-8 AM,Pilgrimage,3,Bus/Train,Normal Day,4,97
Teerth Bala,20-40,2025-03-01,5-8 AM,Festival,5,Two-Wheeler,Normal Day,2,122
Neha Mandal,20-40,2025-10-20,5-8 AM,Pilgrimage,2,Two-Wheeler,Normal Day,3,98
Daksha Palla,40-60,2025-10-08,2-5 PM,Festival,3,Two-Wheeler,Normal Day,3,50
Wyatt Sodhi,40-60,2025-10-03,8-11 AM,Tourism,3,Car,Tuesday/Friday Peak,5,172
Anamika Singhal,20-40,2025-09-21,11 AM-2 PM,Pilgrimage,5,Car,Normal Day,3,75
Aditya Barad,40-60,2025-03-14,8-11 AM,Tourism,2,On Foot,Tuesday/Friday Peak,1,162
Ranbir Bera,20-40,2025-04-15,5-8 PM,Pilgrimage,2,Car,Tuesday/Friday Peak,2,158
Yutika Devi,Under 20,2025-03-26,11 AM-2 PM,Pilgrimage,5,Car,Normal Day,4,59
Nitara Prasad,20-40,2025-10-07,5-8 AM,Festival,4,Two-Wheeler,Tuesday/Friday Peak,2,199
Maya Varty,40-60,2025-12-08,5-8 AM,Pilgrimage,2,Two-Wheeler,Normal Day,2,95
Anya Pandit,20-40,2025-10-29,5-8 AM,Festival,1,Two-Wheeler,Normal Day,4,85
Ayaan Batra,20-40,2025-11-30,5-8 AM,Pilgrimage,5,Two-Wheeler,Normal Day,2,128
Kavya Bahri,40-60,2025-11-09,5-8 AM,Festival,1,Car,Normal Day,3,102
Ryan Bhatt,20-40,2025-02-21,5-8 AM,Festival,8,Car,Tuesday/Friday Peak,2,216
Dayamai Chawla,40-60,2025-09-12,5-8 AM,Pilgrimage,4,Two-Wheeler,Full Moon,4,213
Aarnav Dalal,40-60,2025-02-24,5-8 AM,Tourism,3,Car,Normal Day,4,115
Vasatika Madan,60+,2025-04-13,8-11 AM,Pilgrimage,4,Two-Wheeler,Normal Day,3,96
Priya Kadakia,Under 20,2025-10-15,5-8 AM,Tourism,1,Car,Normal Day,2,101
Aayush Acharya,60+,2025-03-30,5-8 AM,Pilgrimage,3,Two-Wheeler,Festival,5,249
Banjeet Vora,Under 20,2025-07-10,8-11 AM,Tourism,3,Car,Normal Day,2,88
Urvashi Varma,20-40,2025-05-04,8-11 AM,Tourism,4,Car,Normal Day,4,99
Oeshi Ravi,60+,2025-04-06,8-11 AM,Pilgrimage,1,Bus/Train,Normal Day,3,67
Samaksh Thaker,Under 20,2025-04-16,2-5 PM,Pilgrimage,2,Bus/Train,Normal Day,3,50
Girindra Ramanathan,60+,2025-03-27,8-11 AM,Tourism,2,Two-Wheeler,Full Moon,3,193
Qadim Hora,40-60,2025-08-12,5-8 AM,Pilgrimage,2,Two-Wheeler,Full Moon,3,236
Reva Kaur,40-60,2025-02-23,8-11 AM,Pilgrimage,4,Two-Wheeler,Normal Day,3,108
Vamakshi Sule,40-60,2025-11-14,11 AM-2 PM,Tourism,2,Car,Tuesday/Friday Peak,2,126
Fitan Sibal,40-60,2025-08-04,5-8 AM,Pilgrimage,1,Two-Wheeler,Normal Day,4,93
Chakrika Dora,Under 20,2025-07-15,5-8 AM,Pilgrimage,2,Two-Wheeler,Tuesday/Friday Peak,5,181
Nidra Luthra,20-40,2025-04-25,5-8 AM,Tourism,4,Two-Wheeler,Tuesday/Friday Peak,5,193
Ethan Jayaraman,20-40,2025-06-10,8-11 AM,Festival,5,Two-Wheeler,Tuesday/Friday Peak,4,170
Baghyawati Dara,20-40,2025-11-17,5-8 PM,Pilgrimage,2,Bus/Train,Normal Day,3,61
Ansh Khalsa,Under 20,2025-06-19,11 AM-2 PM,Pilgrimage,3,Two-Wheeler,Normal Day,5,50
Faraj Kar,Under 20,2025-02-18,2-5 PM,Pilgrimage,5,Two-Wheeler,Tuesday/Friday Peak,3,155
Brinda Atwal,20-40,2025-03-22,2-5 PM,Pilgrimage,6,Car,Normal Day,4,76
Hritik Bawa,60+,2025-11-11,8-11 AM,Tourism,5,Two-Wheeler,Tuesday/Friday Peak,1,191
Vidhi Thaker,20-40,2025-03-24,8-11 AM,Tourism,2,Car,Normal Day,2,74
Hemang Oommen,60+,2025-07-29,5-8 PM,Tourism,3,Two-Wheeler,Tuesday/Friday Peak,5,142
Dhriti Dubey,40-60,2025-05-09,8-11 AM,Tourism,2,Bus/Train,Tuesday/Friday Peak,3,174
Darsh Bhattacharyya,Under 20,2025-07-18,8-11 AM,Pilgrimage,3,Bus/Train,Tuesday/Friday Peak,4,182
Wyatt Jain,40-60,2025-02-26,5-8 AM,Festival,1,Two-Wheeler,Festival,3,254
Divya Mahal,60+,2025-10-26,5-8 AM,Festival,3,Two-Wheeler,Normal Day,4,121
Eshana Sami,20-40,2025-04-19,5-8 AM,Pilgrimage,3,Two-Wheeler,Normal Day,3,118
Mohammed Subramanian,Under 20,2025-03-02,8-11 AM,Pilgrimage,4,Car,Normal Day,2,83
Chandresh Shetty,40-60,2025-07-05,5-8 AM,Tourism,4,Car,Normal Day,4,114
Chandani Konda,60+,2025-08-14,8-11 AM,Pilgrimage,2,Two-Wheeler,Normal Day,4,73
Alka Bal,20-40,2025-05-03,8-11 AM,Pilgrimage,1,Car,Normal Day,5,86
Pavani Agate,20-40,2025-09-07,5-8 AM,Pilgrimage,1,Two-Wheeler,Normal Day,5,115
Bina Pillay,40-60,2025-04-30,5-8 AM,Pilgrimage,5,Car,Normal Day,3,102
Qasim Krishnamurthy,Under 20,2025-08-13,5-8 AM,Pilgrimage,5,Car,Normal Day,3,94
Aishani Vala,60+,2025-04-29,5-8 AM,Pilgrimage,1,Car,Tuesday/Friday Peak,4,191
Jonathan Jayaraman,Under 20,2025-11-03,11 AM-2 PM,Pilgrimage,1,Car,Normal Day,2,51
Chaitanya Nayak,Under 20,2025-02-28,5-8 AM,Tourism,3,Two-Wheeler,Tuesday/Friday Peak,1,209
Urvashi Virk,40-60,2025-03-10,11 AM-2 PM,Pilgrimage,1,Two-Wheeler,Normal Day,3,59
Tanay Kara,40-60,2025-04-13,8-11 AM,Tourism,3,Two-Wheeler,Normal Day,3,71
Ayaan Pingle,Under 20,2025-06-17,5-8 AM,Pilgrimage,4,Bus/Train,Tuesday/Friday Peak,5,206
Naveen Panchal,20-40,2025-03-16,8-11 AM,Pilgrimage,5,Car,Normal Day,4,100
Divya Das,20-40,2025-08-14,5-8 AM,Tourism,7,Two-Wheeler,Normal Day,2,106
Indali Majumdar,40-60,2025-09-14,2-5 PM,Festival,4,Car,Normal Day,1,65
Hema Khurana,40-60,2025-10-24,5-8 AM,Tourism,5,Two-Wheeler,Tuesday/Friday Peak,4,206
Oscar Andra,20-40,2025-05-21,5-8 PM,Pilgrimage,2,Car,Normal Day,4,62
Yashoda DAlia,20-40,2025-06-05,8-11 AM,Pilgrimage,3,Two-Wheeler,Normal Day,3,76
Oliver Chaudry,20-40,2025-08-05,8-11 AM,Pilgrimage,3,Two-Wheeler,Tuesday/Friday Peak,3,175
Azad De,20-40,2025-02-26,5-8 AM,Pilgrimage,2,Car,Festival,4,258
Aahana Wason,20-40,2025-06-25,11 AM-2 PM,Pilgrimage,2,Two-Wheeler,Normal Day,4,62
Ladli Wali,20-40,2025-07-29,8-11 AM,Pilgrimage,6,Bus/Train,Tuesday/Friday Peak,5,198
Anirudh Palla,20-40,2025-07-07,8-11 AM,Festival,3,Two-Wheeler,Normal Day,1,88
Ladli Baria,20-40,2025-02-20,8-11 AM,Pilgrimage,6,Two-Wheeler,Normal Day,4,89
Anvi Muni,20-40,2025-04-14,5-8 AM,Tourism,4,Two-Wheeler,Normal Day,2,102
Jasmit Taneja,Under 20,2025-03-13,8-11 AM,Pilgrimage,2,Car,Normal Day,5,74
Ekavir Khanna,20-40,2025-07-22,5-8 AM,Pilgrimage,1,On Foot,Tuesday/Friday Peak,4,185
Rohan Keer,Under 20,2025-08-05,8-11 AM,Pilgrimage,5,Car,Tuesday/Friday Peak,4,185
Orinder Dara,20-40,2025-07-14,11 AM-2 PM,Pilgrimage,5,Two-Wheeler,Festival,5,230
Gagan Chaudhuri,40-60,2025-10-17,5-8 AM,Pilgrimage,6,Two-Wheeler,Tuesday/Friday Peak,5,183
Sathvik Chaudhuri,40-60,2025-06-29,8-11 AM,Pilgrimage,6,Car,Normal Day,5,109
Robert Gour,Under 20,2025-02-16,11 AM-2 PM,Other,1,On Foot,Normal Day,5,50
Atharv Misra,40-60,2025-11-19,5-8 AM,Pilgrimage,2,Car,Normal Day,3,85
Varenya Chand,40-60,2025-10-19,8-11 AM,Pilgrimage,3,On Foot,Normal Day,4,79
Rohan Konda,40-60,2025-04-11,8-11 AM,Pilgrimage,8,On Foot,Tuesday/Friday Peak,2,202
Yauvani Sarma,20-40,2025-07-05,8-11 AM,Tourism,4,Car,Normal Day,3,92
Watika Wason,20-40,2025-03-18,5-8 AM,Festival,6,Car,Tuesday/Friday Peak,3,203
Januja Devan,20-40,2025-09-02,5-8 PM,Pilgrimage,4,Two-Wheeler,Tuesday/Friday Peak,3,164
Yashoda Rau,Under 20,2025-08-27,5-8 AM,Pilgrimage,4,Two-Wheeler,Full Moon,1,217
Bhavna Garde,40-60,2025-06-12,5-8 AM,Festival,6,Two-Wheeler,Full Moon,3,215
Yadavi Roy,40-60,2025-11-12,5-8 PM,Tourism,4,Two-Wheeler,Full Moon,5,191
Frederick Munshi,40-60,2025-04-19,11 AM-2 PM,Pilgrimage,5,Two-Wheeler,Normal Day,3,74
Wridesh Sur,40-60,2025-07-11,8-11 AM,Tourism,3,Two-Wheeler,Tuesday/Friday Peak,4,181
Damini Misra,20-40,2025-04-02,5-8 AM,Pilgrimage,2,On Foot,Normal Day,2,103
Nitesh Raval,20-40,2025-11-27,5-8 AM,Tourism,3,Bus/Train,Full Moon,3,245
Wahab Rajagopal,20-40,2025-03-15,11 AM-2 PM,Tourism,5,Two-Wheeler,Normal Day,5,57
Banjeet Sridhar,20-40,2025-06-07,8-11 AM,Pilgrimage,5,Two-Wheeler,Normal Day,3,102
Krish Chaudhuri,20-40,2025-03-15,5-8 AM,Tourism,3,Two-Wheeler,Normal Day,5,119
Tarak Sawhney,Under 20,2025-06-22,8-11 AM,Tourism,1,Bus/Train,Normal Day,4,63
Dakshesh Bassi,40-60,2025-08-22,2-5 PM,Pilgrimage,4,Car,Tuesday/Friday Peak,3,150
Indira Sengupta,60+,2025-05-21,5-8 PM,Pilgrimage,3,Two-Wheeler,Normal Day,4,50
Zarna Sehgal,40-60,2025-06-24,5-8 AM,Pilgrimage,1,Two-Wheeler,Tuesday/Friday Peak,4,175
Naveen Lad,Under 20,2025-10-29,8-11 AM,Pilgrimage,4,Two-Wheeler,Normal Day,3,89
Matthew Baria,40-60,2025-10-16,5-8 AM,Festival,6,Two-Wheeler,Normal Day,3,110
Avni Bera,20-40,2025-08-22,8-11 AM,Other,7,Two-Wheeler,Tuesday/Friday Peak,3,202
Oeshi Saran,Under 20,2025-06-03,5-8 AM,Pilgrimage,4,On Foot,Tuesday/Friday Peak,2,211
Andrew Biswas,20-40,2025-03-23,8-11 AM,Festival,5,Two-Wheeler,Normal Day,3,80
Dev Khanna,40-60,2025-04-14,8-11 AM,Festival,2,Car,Normal Day,2,94
Odika Kanda,Under 20,2025-11-22,5-8 AM,Tourism,6,Two-Wheeler,Normal Day,5,103
Ishaan Lal,40-60,2025-07-13,5-8 AM,Tourism,3,Two-Wheeler,Normal Day,4,120
Vedant Venkataraman,40-60,2025-02-20,8-11 AM,Pilgrimage,3,Two-Wheeler,Normal Day,3,78
Lakshmi Nigam,60+,2025-04-10,5-8 AM,Tourism,9,Car,Normal Day,2,106
Mahika Gola,40-60,2025-11-16,5-8 PM,Pilgrimage,3,On Foot,Normal Day,4,60
Nikita Sodhi,20-40,2025-04-02,5-8 PM,Pilgrimage,2,Two-Wheeler,Normal Day,3,54
Yatin Sharaf,60+,2025-11-23,5-8 AM,Pilgrimage,3,Car,Normal Day,2,114
Tamanna Kadakia,20-40,2025-03-17,5-8 AM,Pilgrimage,1,Two-Wheeler,Normal Day,3,104
Chavvi Rege,20-40,2025-03-29,8-11 AM,Pilgrimage,2,Bus/Train,Festival,4,222
Diya Oza,20-40,2025-08-04,5-8 AM,Pilgrimage,2,Bus/Train,Normal Day,1,99
Teerth Baral,60+,2025-05-15,5-8 AM,Festival,5,Car,Normal Day,5,102
Eshana Radhakrishnan,40-60,2025-07-03,5-8 AM,Pilgrimage,1,Two-Wheeler,Normal Day,2,106
Jeevika Mohanty,Under 20,2025-03-19,5-8 AM,Pilgrimage,6,Two-Wheeler,Normal Day,3,132
Siddharth Sanghvi,20-40,2025-09-23,5-8 AM,Pilgrimage,3,Two-Wheeler,Tuesday/Friday Peak,4,209
Bahadurjit Mutti,60+,2025-12-01,5-8 AM,Pilgrimage,2,Two-Wheeler,Normal Day,2,95
Diya Cheema,20-40,2025-04-29,8-11 AM,Tourism,7,Two-Wheeler,Tuesday/Friday Peak,2,170
Varenya Deshpande,20-40,2025-04-27,5-8 AM,Pilgrimage,3,Two-Wheeler,Full Moon,4,233
Gautam Raj,20-40,2025-10-13,5-8 AM,Pilgrimage,5,Two-Wheeler,Normal Day,3,100
Anvi Sibal,40-60,2025-08-15,8-11 AM,Pilgrimage,5,Two-Wheeler,Tuesday/Friday Peak,4,161
Akshay Mahal,40-60,2025-05-03,8-11 AM,Festival,7,Bus/Train,Normal Day,3,103
Raghav Dyal,40-60,2025-07-17,8-11 AM,Pilgrimage,3,Two-Wheeler,Normal Day,3,79
Aarav Ahluwalia,20-40,2025-10-03,5-8 AM,Pilgrimage,3,Two-Wheeler,Tuesday/Friday Peak,5,190
Gunbir Datta,Under 20,2025-05-02,8-11 AM,Pilgrimage,1,Two-Wheeler,Tuesday/Friday Peak,2,170
Tamanna Bali,40-60,2025-04-28,5-8 AM,Tourism,2,Two-Wheeler,Normal Day,3,107
Dayamai Seshadri,60+,2025-07-30,5-8 AM,Pilgrimage,1,Two-Wheeler,Normal Day,4,99
Yatan Suresh,20-40,2025-10-26,8-11 AM,Tourism,4,Two-Wheeler,Normal Day,4,101
Gopal Kakar,20-40,2025-07-22,5-8 PM,Pilgrimage,2,Car,Tuesday/Friday Peak,5,161
Jagvi Subramanian,20-40,2025-03-18,2-5 PM,Pilgrimage,3,Two-Wheeler,Tuesday/Friday Peak,4,144
Ria Prashad,60+,2025-05-13,5-8 AM,Pilgrimage,3,Two-Wheeler,Tuesday/Friday Peak,5,179
Pooja Dayal,20-40,2025-12-03,11 AM-2 PM,Pilgrimage,7,Two-Wheeler,Normal Day,2,50
Aarna Prabhu,20-40,2025-06-09,8-11 AM,Tourism,7,Bus/Train,Normal Day,3,110
Oliver Thakur,60+,2025-07-02,2-5 PM,Pilgrimage,3,Car,Normal Day,5,50
Ekavir Samra,20-40,2025-11-29,5-8 AM,Pilgrimage,5,Car,Normal Day,3,122
Siddharth Sura,20-40,2025-04-14,5-8 AM,Pilgrimage,5,Two-Wheeler,Normal Day,4,92
Banjeet Vora,40-60,2025-02-23,5-8 AM,Pilgrimage,5,Two-Wheeler,Normal Day,3,109
Meghana Char,40-60,2025-07-20,8-11 AM,Pilgrimage,6,On Foot,Normal Day,4,80
Aryan Chandra,Under 20,2025-04-11,8-11 AM,Festival,5,Two-Wheeler,Tuesday/Friday Peak,2,170
Nidhi Ahuja,20-40,2025-11-19,5-8 PM,Festival,1,Bus/Train,Normal Day,2,68
Pushti Bhatnagar,20-40,2025-08-15,8-11 AM,Tourism,3,Car,Tuesday/Friday Peak,3,192
Hamsini Ramachandran,20-40,2025-05-21,2-5 PM,Pilgrimage,9,Two-Wheeler,Normal Day,4,86
Neel Choudhry,60+,2025-03-24,5-8 PM,Pilgrimage,4,Two-Wheeler,Normal Day,4,50
Varenya Nair,40-60,2025-05-27,8-11 AM,Pilgrimage,5,Car,Full Moon,3,230
Chameli Dave,20-40,2025-06-02,2-5 PM,Tourism,5,Two-Wheeler,Normal Day,5,50
Zehaan Dalal,40-60,2025-02-24,8-11 AM,Tourism,5,Car,Normal Day,3,83
Lopa Choudhary,20-40,2025-06-16,5-8 PM,Pilgrimage,5,Two-Wheeler,Normal Day,3,74
Bimala Das,40-60,2025-09-24,11 AM-2 PM,Festival,4,Car,Normal Day,3,55
Zilmil Ramanathan,60+,2025-04-28,2-5 PM,Pilgrimage,1,Car,Normal Day,5,50
Oeshi Walia,Under 20,2025-07-11,5-8 AM,Festival,3,Two-Wheeler,Tuesday/Friday Peak,1,206
Noah Shere,60+,2025-07-05,8-11 AM,Pilgrimage,3,Two-Wheeler,Normal Day,5,77
Zayan Sarma,40-60,2025-08-18,8-11 AM,Pilgrimage,5,Car,Normal Day,5,73
Netra Khanna,Under 20,2025-07-14,5-8 AM,Pilgrimage,3,Car,Festival,4,268
Bahadurjit Patel,20-40,2025-03-27,8-11 AM,Pilgrimage,4,Bus/Train,Full Moon,4,218
Tripti Boase,40-60,2025-06-02,8-11 AM,Pilgrimage,3,Two-Wheeler,Normal Day,1,81
Januja Verma,20-40,2025-05-14,5-8 AM,Tourism,3,Car,Normal Day,2,98
Nilima Goel,20-40,2025-02-27,5-8 AM,Pilgrimage,2,Car,Full Moon,3,229
Ryan Kalita,20-40,2025-05-27,8-11 AM,Tourism,6,Car,Full Moon,3,210
Bahadurjit Wable,40-60,2025-03-27,8-11 AM,Festival,6,Bus/Train,Full Moon,1,201
Shravya Thakur,60+,2025-08-05,8-11 AM,Festival,7,Car,Tuesday/Friday Peak,3,195
Pallavi Pall,20-40,2025-02-20,2-5 PM,Festival,3,Car,Normal Day,4,62
Yashodhara Lata,40-60,2025-09-11,5-8 PM,Pilgrimage,6,Car,Normal Day,3,56
Baghyawati Tandon,Under 20,2025-08-03,8-11 AM,Festival,2,Car,Normal Day,2,100
Orinder Khare,60+,2025-11-18,8-11 AM,Pilgrimage,3,Car,Tuesday/Friday Peak,2,195
Gunbir Boase,40-60,2025-11-15,2-5 PM,Pilgrimage,4,Two-Wheeler,Normal Day,4,77
Michael Devi,20-40,2025-09-08,5-8 AM,Pilgrimage,4,Two-Wheeler,Normal Day,3,127
Neel Khanna,20-40,2025-08-22,11 AM-2 PM,Tourism,2,Bus/Train,Tuesday/Friday Peak,4,131
Kashish Mahal,Under 20,2025-04-22,2-5 PM,Tourism,6,Bus/Train,Tuesday/Friday Peak,5,162
Xiti Vaidya,60+,2025-02-19,5-8 PM,Tourism,2,Two-Wheeler,Normal Day,4,50
Garima Ravi,20-40,2025-07-03,5-8 AM,Pilgrimage,5,Two-Wheeler,Normal Day,3,130
Daksh Misra,60+,2025-05-15,5-8 AM,Pilgrimage,1,Bus/Train,Normal Day,3,108
Reva Tank,20-40,2025-11-18,8-11 AM,Pilgrimage,2,Car,Tuesday/Friday Peak,2,185
Widisha Mand,20-40,2025-03-25,5-8 AM,Pilgrimage,5,Two-Wheeler,Tuesday/Friday Peak,1,191
Zayan Acharya,20-40,2025-05-15,5-8 AM,Pilgrimage,3,Car,Normal Day,2,107
Raagini Bhakta,20-40,2025-10-25,8-11 AM,Pilgrimage,4,Bus/Train,Normal Day,3,83
Aryan Sanghvi,Under 20,2025-08-29,5-8 AM,Pilgrimage,4,Two-Wheeler,Tuesday/Friday Peak,5,194
Ucchal Rai,40-60,2025-11-17,8-11 AM,Festival,6,Two-Wheeler,Normal Day,2,81
Finn Sahota,20-40,2025-07-21,5-8 AM,Pilgrimage,1,Two-Wheeler,Normal Day,3,118
Varenya Mukherjee,20-40,2025-05-09,8-11 AM,Pilgrimage,2,Bus/Train,Tuesday/Friday Peak,3,178
Lucky Tata,20-40,2025-09-14,2-5 PM,Festival,3,Two-Wheeler,Normal Day,3,50
Ayaan Basu,40-60,2025-03-17,5-8 AM,Pilgrimage,3,Bus/Train,Normal Day,3,110
Qasim Acharya,Under 20,2025-05-30,5-8 AM,Pilgrimage,4,Car,Tuesday/Friday Peak,4,203
Janya Mani,20-40,2025-06-29,8-11 AM,Pilgrimage,4,Two-Wheeler,Normal Day,3,84
Deepa Sabharwal,20-40,2025-10-13,5-8 AM,Pilgrimage,2,Two-Wheeler,Normal Day,4,94
Maanas Sama,20-40,2025-05-21,11 AM-2 PM,Pilgrimage,2,On Foot,Normal Day,2,50
Azaan Khurana,20-40,2025-07-30,5-8 PM,Festival,3,Bus/Train,Normal Day,2,69
Tanish Goel,Under 20,2025-11-24,5-8 AM,Pilgrimage,3,Two-Wheeler,Normal Day,2,95
Abdul Virk,Under 20,2025-07-21,5-8 AM,Pilgrimage,3,Car,Normal Day,4,117
Hardik Rattan,40-60,2025-11-20,5-8 AM,Tourism,8,On Foot,Normal Day,5,101
Balveer Sharaf,40-60,2025-07-09,5-8 AM,Pilgrimage,3,Car,Normal Day,4,87
Hamsini Rattan,40-60,2025-10-08,5-8 PM,Pilgrimage,3,Two-Wheeler,Normal Day,3,76
Jagvi Bir,20-40,2025-05-03,5-8 AM,Pilgrimage,2,Car,Normal Day,3,102
Radha Dayal,40-60,2025-08-26,8-11 AM,Tourism,6,Two-Wheeler,Tuesday/Friday Peak,2,174
Yochana Pandey,Under 20,2025-03-31,5-8 AM,Tourism,6,Two-Wheeler,Festival,3,255
Aashi Mallick,20-40,2025-04-22,8-11 AM,Pilgrimage,4,Two-Wheeler,Tuesday/Friday Peak,4,158
Reyansh Sibal,40-60,2025-04-15,5-8 AM,Tourism,4,Two-Wheeler,Tuesday/Friday Peak,2,205
Sathvik Patel,40-60,2025-06-16,8-11 AM,Pilgrimage,4,Two-Wheeler,Normal Day,3,108
Hamsini Sur,60+,2025-09-20,5-8 AM,Pilgrimage,3,Two-Wheeler,Normal Day,4,99
Aachal Hora,20-40,2025-04-28,8-11 AM,Festival,1,Two-Wheeler,Normal Day,5,87
Unnati Mukhopadhyay,40-60,2025-03-26,8-11 AM,Pilgrimage,3,Bus/Train,Normal Day,1,69
Darika Sridhar,60+,2025-03-22,5-8 PM,Pilgrimage,2,Two-Wheeler,Normal Day,3,50
Unni Sachdeva,20-40,2025-04-23,5-8 AM,Pilgrimage,5,Two-Wheeler,Normal Day,4,112
Sarthak Gulati,40-60,2025-10-12,8-11 AM,Pilgrimage,3,Bus/Train,Full Moon,4,187
Ranbir Aggarwal,Under 20,2025-05-04,2-5 PM,Other,2,Two-Wheeler,Normal Day,4,69
Hemal Karpe,20-40,2025-05-12,2-5 PM,Pilgrimage,7,On Foot,Full Moon,4,196
Logan Mishra,20-40,2025-04-04,2-5 PM,Pilgrimage,3,Two-Wheeler,Tuesday/Friday Peak,4,145
Theodore Vyas,20-40,2025-02-20,8-11 AM,Pilgrimage,4,Two-Wheeler,Normal Day,4,83
Kamala Mittal,20-40,2025-09-17,5-8 AM,Pilgrimage,1,Two-Wheeler,Normal Day,1,100
Amruta Tella,40-60,2025-10-27,5-8 PM,Pilgrimage,3,Two-Wheeler,Full Moon,2,184
Saumya Subramanian,40-60,2025-08-04,8-11 AM,Tourism,4,Two-Wheeler,Normal Day,2,84
Jagvi Thaman,60+,2025-07-15,5-8 PM,Tourism,4,Two-Wheeler,Tuesday/Friday Peak,2,141
Lucky Venkataraman,40-60,2025-10-22,11 AM-2 PM,Pilgrimage,3,Car,Normal Day,3,51
Baghyawati Salvi,60+,2025-04-14,8-11 AM,Pilgrimage,2,Car,Normal Day,5,76
Owen Batra,Under 20,2025-11-01,11 AM-2 PM,Pilgrimage,6,Car,Normal Day,2,79
Zansi Sridhar,20-40,2025-02-13,5-8 AM,Festival,4,Car,Normal Day,2,115
Zinal Mutti,60+,2025-10-02,8-11 AM,Tourism,3,Two-Wheeler,Normal Day,2,79
Girindra Tripathi,60+,2025-03-03,5-8 PM,Festival,4,On Foot,Normal Day,2,67
George Bath,20-40,2025-03-09,5-8 AM,Pilgrimage,2,Two-Wheeler,Normal Day,3,107
Laban Brahmbhatt,40-60,2025-08-27,2-5 PM,Pilgrimage,2,Two-Wheeler,Full Moon,3,193
Urishilla Agarwal,60+,2025-08-19,8-11 AM,Pilgrimage,4,Car,Tuesday/Friday Peak,1,185
Tanveer Kumar,20-40,2025-10-14,5-8 PM,Pilgrimage,2,Car,Tuesday/Friday Peak,2,155
Neha Chaudhuri,Under 20,2025-04-07,5-8 AM,Pilgrimage,3,Car,Normal Day,1,126
Ria Kumer,Under 20,2025-05-30,5-8 AM,Pilgrimage,1,Car,Tuesday/Friday Peak,1,179
Dhriti Jaggi,20-40,2025-10-02,8-11 AM,Pilgrimage,2,Car,Normal Day,3,86
Raagini Basu,40-60,2025-10-23,8-11 AM,Pilgrimage,5,Two-Wheeler,Normal Day,4,91
Chanchal Kapoor,20-40,2025-11-22,5-8 AM,Tourism,1,Two-Wheeler,Normal Day,4,111
Idika Din,20-40,2025-07-28,5-8 PM,Tourism,4,Two-Wheeler,Normal Day,2,50
Madhav Sagar,20-40,2025-03-06,5-8 AM,Pilgrimage,4,Two-Wheeler,Normal Day,3,92
Priya Nayak,Under 20,2025-03-31,5-8 AM,Pilgrimage,1,Car,Festival,3,237
Urmi Ray,60+,2025-07-15,5-8 PM,Pilgrimage,6,Two-Wheeler,Tuesday/Friday Peak,5,137
Qarin Ramaswamy,20-40,2025-06-17,8-11 AM,Festival,3,Two-Wheeler,Tuesday/Friday Peak,3,177
Yashodhara Vora,20-40,2025-10-16,11 AM-2 PM,Tourism,1,Two-Wheeler,Normal Day,5,57
Sachi Kannan,20-40,2025-03-11,8-11 AM,Pilgrimage,3,Car,Tuesday/Friday Peak,2,196
Vasudha Modi,Under 20,2025-10-10,5-8 AM,Tourism,2,Two-Wheeler,Tuesday/Friday Peak,5,180
Sanya Dani,20-40,2025-02-26,5-8 AM,Tourism,6,Two-Wheeler,Festival,5,251
Lipika Kibe,40-60,2025-07-16,5-8 PM,Tourism,3,Car,Festival,4,218
Wyatt Rajan,20-40,2025-03-02,5-8 AM,Festival,3,Two-Wheeler,Normal Day,3,125
Aarini Prakash,40-60,2025-09-09,11 AM-2 PM,Pilgrimage,3,Two-Wheeler,Tuesday/Friday Peak,4,152
Gopal Pall,20-40,2025-08-04,8-11 AM,Pilgrimage,1,Car,Normal Day,2,99
Azaan Mukhopadhyay,40-60,2025-09-23,5-8 PM,Other,5,Two-Wheeler,Tuesday/Friday Peak,3,154
Madhavi Jhaveri,20-40,2025-08-06,5-8 AM,Tourism,4,Two-Wheeler,Normal Day,5,96
Sachi Bera,20-40,2025-02-12,5-8 AM,Pilgrimage,1,Two-Wheeler,Full Moon,4,229
Balvan Keer,20-40,2025-10-04,5-8 AM,Pilgrimage,1,Bus/Train,Normal Day,3,106
Siya Hayer,40-60,2025-07-14,5-8 AM,Pilgrimage,1,Car,Festival,2,252
Urvashi Seth,60+,2025-10-04,5-8 AM,Pilgrimage,3,Bus/Train,Normal Day,5,92
Sara Loyal,20-40,2025-12-09,2-5 PM,Festival,7,Two-Wheeler,Tuesday/Friday Peak,4,155
Wakeeta Dugar,Under 20,2025-05-14,5-8 PM,Festival,1,Two-Wheeler,Normal Day,2,50
Ronith Kale,20-40,2025-08-29,8-11 AM,Other,5,Bus/Train,Tuesday/Friday Peak,2,172
Bhavani Vala,20-40,2025-02-26,11 AM-2 PM,Pilgrimage,1,Bus/Train,Festival,5,210
Falan Modi,20-40,2025-03-25,5-8 AM,Pilgrimage,1,Car,Tuesday/Friday Peak,3,197
Bhanumati Varma,20-40,2025-04-24,8-11 AM,Pilgrimage,3,Two-Wheeler,Normal Day,4,84
Yashasvi Anand,20-40,2025-07-19,2-5 PM,Pilgrimage,8,Two-Wheeler,Normal Day,4,57
Pooja Chopra,40-60,2025-10-13,5-8 AM,Pilgrimage,3,Two-Wheeler,Normal Day,1,87
Ekani Rajagopalan,Under 20,2025-12-05,2-5 PM,Pilgrimage,6,Two-Wheeler,Tuesday/Friday Peak,4,144
Gaurangi Manda,20-40,2025-08-17,8-11 AM,Pilgrimage,4,Two-Wheeler,Normal Day,4,103
Ubika Bhakta,Under 20,2025-06-17,8-11 AM,Tourism,7,Car,Tuesday/Friday Peak,3,166
Falguni Grewal,40-60,2025-05-19,8-11 AM,Pilgrimage,4,Two-Wheeler,Normal Day,1,100
Jai Jani,20-40,2025-05-27,5-8 AM,Pilgrimage,4,Two-Wheeler,Full Moon,3,246
Anay Pau,20-40,2025-04-02,8-11 AM,Pilgrimage,5,Car,Normal Day,3,83
Christopher Iyengar,60+,2025-12-05,11 AM-2 PM,Pilgrimage,1,Two-Wheeler,Tuesday/Friday Peak,2,129
Hredhaan Agate,20-40,2025-10-21,5-8 AM,Festival,5,Two-Wheeler,Tuesday/Friday Peak,4,207
Arin Bobal,60+,2025-06-15,8-11 AM,Other,4,Bus/Train,Normal Day,2,103
Lekha Roy,60+,2025-05-18,8-11 AM,Pilgrimage,1,Bus/Train,Normal Day,2,94
Lakshmi Hayer,Under 20,2025-02-16,5-8 AM,Pilgrimage,4,Car,Normal Day,3,125
Chandani Rama,20-40,2025-02-12,11 AM-2 PM,Tourism,1,Car,Full Moon,2,159
Ekalinga Mane,40-60,2025-09-19,8-11 AM,Festival,4,Two-Wheeler,Tuesday/Friday Peak,3,176
Arjun Saha,20-40,2025-05-11,5-8 AM,Tourism,1,Two-Wheeler,Normal Day,3,105
Abeer Rattan,Under 20,2025-06-13,8-11 AM,Pilgrimage,3,Bus/Train,Tuesday/Friday Peak,5,163
Xiti Khosla,20-40,2025-07-08,8-11 AM,Tourism,3,Car,Tuesday/Friday Peak,2,192
Oeshi Sachdev,60+,2025-05-11,5-8 PM,Pilgrimage,5,Two-Wheeler,Normal Day,4,50
Rudra Dora,20-40,2025-10-07,5-8 PM,Festival,2,Two-Wheeler,Tuesday/Friday Peak,4,162
Udarsh Sandal,Under 20,2025-09-27,8-11 AM,Pilgrimage,1,Car,Full Moon,2,211
Rachana Shan,20-40,2025-07-05,8-11 AM,Festival,5,Two-Wheeler,Normal Day,2,79
Pahal Chowdhury,20-40,2025-12-01,5-8 AM,Pilgrimage,2,Car,Normal Day,4,85
Aarini Mallick,20-40,2025-12-02,11 AM-2 PM,Pilgrimage,1,Car,Tuesday/Friday Peak,5,133
Bhavani Misra,20-40,2025-09-28,2-5 PM,Other,3,Car,Normal Day,1,50
Frado Raja,40-60,2025-10-28,5-8 AM,Pilgrimage,7,On Foot,Tuesday/Friday Peak,5,184
Nandini Kapoor,20-40,2025-11-27,8-11 AM,Pilgrimage,5,Two-Wheeler,Full Moon,3,201
Jeevika Tailor,Under 20,2025-03-11,5-8 AM,Festival,4,Car,Tuesday/Friday Peak,5,186
Aarnav Hans,Under 20,2025-07-10,5-8 AM,Pilgrimage,1,On Foot,Normal Day,3,87
Bhavya Kumar,Under 20,2025-09-10,2-5 PM,Tourism,2,On Foot,Normal Day,5,50
Ekanta Kibe,20-40,2025-06-11,5-8 AM,Pilgrimage,4,Two-Wheeler,Normal Day,3,116
Gautam Tailor,20-40,2025-12-08,5-8 AM,Pilgrimage,5,Car,Normal Day,1,92
Ansh Bahl,Under 20,2025-02-21,8-11 AM,Pilgrimage,1,Car,Tuesday/Friday Peak,5,179
Prisha Walia,40-60,2025-08-24,5-8 AM,Pilgrimage,2,Two-Wheeler,Normal Day,5,124
Girik Madan,60+,2025-09-20,5-8 AM,Pilgrimage,1,Two-Wheeler,Normal Day,3,103
Azad Buch,20-40,2025-09-19,5-8 PM,Tourism,2,Car,Tuesday/Friday Peak,1,125
Hemang Mander,20-40,2025-07-30,2-5 PM,Pilgrimage,5,Two-Wheeler,Normal Day,3,75
Ira Devan,20-40,2025-08-13,5-8 AM,Festival,4,Two-Wheeler,Normal Day,4,99
Raksha Sem,20-40,2025-04-18,5-8 AM,Festival,7,Two-Wheeler,Tuesday/Friday Peak,4,217
Lakshmi Chaudhari,60+,2025-02-12,8-11 AM,Pilgrimage,2,On Foot,Full Moon,2,184
Samesh Kadakia,40-60,2025-03-02,8-11 AM,Pilgrimage,2,Bus/Train,Normal Day,4,104
Zashil Ranganathan,20-40,2025-02-24,8-11 AM,Pilgrimage,1,Car,Normal Day,2,65
Inaya Minhas,40-60,2025-08-10,5-8 AM,Festival,3,Bus/Train,Normal Day,4,126
Krisha Dua,20-40,2025-10-25,8-11 AM,Pilgrimage,2,Car,Normal Day,5,66
Gabriel Pai,20-40,2025-10-19,5-8 AM,Pilgrimage,4,Two-Wheeler,Normal Day,4,127
Ayaan Mitter,20-40,2025-02-22,5-8 PM,Pilgrimage,5,Two-Wheeler,Normal Day,3,50
Maanas Luthra,40-60,2025-09-24,5-8 AM,Pilgrimage,1,Two-Wheeler,Normal Day,5,86
Gayathri Sem,20-40,2025-05-26,5-8 AM,Pilgrimage,5,Two-Wheeler,Normal Day,3,130
Oscar Barad,Under 20,2025-02-16,5-8 AM,Pilgrimage,3,Car,Normal Day,5,91
Om Bains,20-40,2025-07-21,5-8 AM,Festival,3,On Foot,Normal Day,5,100
Chaitanya Barman,60+,2025-06-13,5-8 AM,Tourism,3,Two-Wheeler,Tuesday/Friday Peak,3,184
Rudra Sen,20-40,2025-04-04,8-11 AM,Pilgrimage,3,Car,Tuesday/Friday Peak,5,193
Ronith Nagar,40-60,2025-07-10,8-11 AM,Festival,8,Car,Normal Day,4,97
Yachana Gill,60+,2025-11-25,5-8 AM,Pilgrimage,2,Bus/Train,Tuesday/Friday Peak,2,204
Pahal Bhakta,40-60,2025-09-13,11 AM-2 PM,Pilgrimage,2,Two-Wheeler,Normal Day,4,66
Prisha Krishnan,40-60,2025-05-27,11 AM-2 PM,Pilgrimage,9,Two-Wheeler,Full Moon,2,179
Mekhala Deshpande,40-60,2025-12-08,5-8 PM,Pilgrimage,6,Bus/Train,Normal Day,4,70
Vasatika Thakur,20-40,2025-11-25,11 AM-2 PM,Pilgrimage,6,Two-Wheeler,Tuesday/Friday Peak,2,152
Aadhya Mohanty,Under 20,2025-08-07,5-8 AM,Pilgrimage,6,Two-Wheeler,Normal Day,4,94
Triya Wason,20-40,2025-12-03,5-8 PM,Pilgrimage,6,Two-Wheeler,Normal Day,5,67
Wakeeta Natt,40-60,2025-07-08,5-8 AM,Festival,4,Two-Wheeler,Tuesday/Friday Peak,2,178
Charan Nair,Under 20,2025-02-16,5-8 AM,Pilgrimage,2,Car,Normal Day,3,120
Vasudha Nadkarni,20-40,2025-10-15,8-11 AM,Pilgrimage,3,Two-Wheeler,Normal Day,5,98
Gautam Murty,20-40,2025-05-01,5-8 AM,Pilgrimage,5,Car,Normal Day,3,100
Nitara Saxena,40-60,2025-05-27,5-8 AM,Pilgrimage,3,Two-Wheeler,Full Moon,1,218
Qabil Sankaran,20-40,2025-09-17,11 AM-2 PM,Pilgrimage,3,Two-Wheeler,Normal Day,3,52
Avni Uppal,20-40,2025-07-28,5-8 AM,Pilgrimage,4,Two-Wheeler,Normal Day,5,107
Om Apte,Under 20,2025-04-08,2-5 PM,Pilgrimage,1,Two-Wheeler,Tuesday/Friday Peak,5,161
Unni Anand,40-60,2025-10-02,8-11 AM,Pilgrimage,3,Car,Normal Day,4,67
Avni Om,20-40,2025-07-15,2-5 PM,Tourism,2,Two-Wheeler,Tuesday/Friday Peak,5,155
Mohini Balay,40-60,2025-10-29,5-8 AM,Pilgrimage,5,Two-Wheeler,Normal Day,3,121
Kashvi Arora,20-40,2025-08-19,2-5 PM,Festival,3,Bus/Train,Tuesday/Friday Peak,2,138
Nitesh Guha,Under 20,2025-04-16,2-5 PM,Pilgrimage,1,Bus/Train,Normal Day,1,50
Baghyawati Naik,20-40,2025-07-04,2-5 PM,Pilgrimage,4,Car,Tuesday/Friday Peak,3,135
Quincy Chopra,40-60,2025-04-04,8-11 AM,Festival,2,Two-Wheeler,Tuesday/Friday Peak,5,171
Neel Mangal,20-40,2025-04-10,8-11 AM,Tourism,3,Two-Wheeler,Normal Day,5,92
Anthony Divan,20-40,2025-04-29,8-11 AM,Festival,3,Car,Tuesday/Friday Peak,2,179
Qasim Peri,20-40,2025-09-18,5-8 AM,Pilgrimage,4,Car,Normal Day,3,97
Indrajit Parikh,Under 20,2025-08-05,2-5 PM,Festival,3,Bus/Train,Tuesday/Friday Peak,2,151
Meghana Mukherjee,20-40,2025-08-24,8-11 AM,Pilgrimage,7,Two-Wheeler,Normal Day,3,91
Abeer Patla,20-40,2025-10-09,5-8 AM,Pilgrimage,3,Car,Normal Day,3,100
Gaurangi Soman,40-60,2025-06-26,2-5 PM,Other,2,Car,Normal Day,1,51
Banjeet Ranganathan,20-40,2025-07-07,8-11 AM,Pilgrimage,2,Car,Normal Day,1,69
Adweta Bhatti,Under 20,2025-02-13,5-8 AM,Pilgrimage,1,Bus/Train,Normal Day,3,106
Jagdish Bhandari,20-40,2025-08-13,5-8 AM,Tourism,4,Bus/Train,Normal Day,3,90
Amaira Dasgupta,60+,2025-05-06,8-11 AM,Tourism,3,Two-Wheeler,Tuesday/Friday Peak,5,194
Imaran Sengupta,40-60,2025-05-04,8-11 AM,Pilgrimage,2,Two-Wheeler,Normal Day,5,81
Abha DAlia,20-40,2025-02-13,5-8 AM,Tourism,3,Two-Wheeler,Normal Day,2,107
Kashish Pandya,Under 20,2025-06-15,11 AM-2 PM,Tourism,6,Two-Wheeler,Normal Day,5,55
Umang Balakrishnan,20-40,2025-08-31,2-5 PM,Tourism,6,Car,Normal Day,3,66
Dayamai Dugar,40-60,2025-02-17,11 AM-2 PM,Pilgrimage,3,Two-Wheeler,Normal Day,2,54
Benjamin Manda,40-60,2025-08-30,11 AM-2 PM,Other,9,Car,Normal Day,3,72
Chaitaly Shenoy,40-60,2025-04-10,11 AM-2 PM,Tourism,4,Two-Wheeler,Normal Day,2,50
Nitara Morar,60+,2025-08-19,5-8 AM,Tourism,5,Two-Wheeler,Tuesday/Friday Peak,3,184
Logan Brahmbhatt,Under 20,2025-06-22,5-8 PM,Pilgrimage,2,Two-Wheeler,Normal Day,3,54
Turvi Sethi,20-40,2025-11-29,2-5 PM,Tourism,4,Two-Wheeler,Normal Day,2,50
Amaira Mand,20-40,2025-11-28,8-11 AM,Pilgrimage,10,Car,Tuesday/Friday Peak,5,185
Azaan Narayan,40-60,2025-05-01,8-11 AM,Pilgrimage,2,Two-Wheeler,Normal Day,3,97
Suhani Taneja,20-40,2025-11-26,5-8 AM,Pilgrimage,2,Bus/Train,Normal Day,1,85
Januja Soman,60+,2025-07-17,5-8 AM,Tourism,1,Two-Wheeler,Normal Day,3,101
Janaki Date,60+,2025-07-12,8-11 AM,Pilgrimage,3,Two-Wheeler,Full Moon,4,189
Indrajit Mitra,Under 20,2025-09-18,5-8 AM,Festival,1,Car,Normal Day,2,102
Ira Apte,Under 20,2025-11-03,5-8 AM,Pilgrimage,5,Car,Normal Day,2,126
Vivaan Narang,Under 20,2025-03-20,5-8 AM,Pilgrimage,2,On Foot,Normal Day,5,121
Dalbir Ghosh,20-40,2025-03-10,8-11 AM,Festival,5,Bus/Train,Normal Day,4,105
Sanaya Chad,Under 20,2025-05-09,5-8 AM,Festival,2,Car,Tuesday/Friday Peak,1,213
Kai Bhatti,20-40,2025-05-16,5-8 AM,Other,2,Car,Tuesday/Friday Peak,2,189
Pranav Kulkarni,20-40,2025-11-29,5-8 AM,Festival,1,Bus/Train,Normal Day,2,89
Ikshita Kashyap,20-40,2025-07-24,8-11 AM,Pilgrimage,5,Two-Wheeler,Normal Day,4,76
Gaurika Sami,20-40,2025-10-30,5-8 PM,Festival,5,Two-Wheeler,Normal Day,3,50
Yachana Mane,40-60,2025-10-03,11 AM-2 PM,Other,2,Two-Wheeler,Tuesday/Friday Peak,2,149
Jatin Rama,40-60,2025-05-10,5-8 AM,Pilgrimage,3,Two-Wheeler,Normal Day,3,107
Fariq Apte,60+,2025-03-01,8-11 AM,Tourism,1,Two-Wheeler,Normal Day,1,79
David Vala,40-60,2025-04-19,5-8 AM,Pilgrimage,2,Bus/Train,Normal Day,4,106
Faqid Anand,40-60,2025-06-14,5-8 AM,Pilgrimage,1,Two-Wheeler,Normal Day,3,110
Vamakshi Chana,60+,2025-04-11,11 AM-2 PM,Pilgrimage,1,Two-Wheeler,Tuesday/Friday Peak,2,124
Amara Sathe,20-40,2025-11-24,8-11 AM,Tourism,5,Car,Normal Day,1,95
Sarthak Manda,20-40,2025-05-16,5-8 PM,Pilgrimage,2,Two-Wheeler,Tuesday/Friday Peak,3,132
Irya Mane,20-40,2025-07-28,8-11 AM,Tourism,8,Bus/Train,Normal Day,3,90
Bhanumati Kaul,20-40,2025-05-28,11 AM-2 PM,Tourism,2,Two-Wheeler,Normal Day,3,73
Chandresh Buch,Under 20,2025-10-29,5-8 AM,Tourism,3,Car,Normal Day,3,94
Krish Loyal,20-40,2025-10-28,8-11 AM,Tourism,8,Two-Wheeler,Tuesday/Friday Peak,2,171
Triya Keer,Under 20,2025-06-29,5-8 AM,Pilgrimage,5,Two-Wheeler,Normal Day,1,101
Qasim Kapadia,Under 20,2025-08-30,5-8 AM,Festival,3,Car,Normal Day,5,125
Veda Solanki,Under 20,2025-09-11,11 AM-2 PM,Festival,2,Two-Wheeler,Normal Day,4,50
Bhavna Halder,20-40,2025-03-23,8-11 AM,Pilgrimage,4,Bus/Train,Normal Day,3,78
Vedika Bansal,Under 20,2025-09-09,8-11 AM,Tourism,7,Car,Tuesday/Friday Peak,5,204
Balendra Murthy,Under 20,2025-10-26,8-11 AM,Tourism,1,Car,Normal Day,2,77
Ladli Bajaj,Under 20,2025-12-03,11 AM-2 PM,Pilgrimage,4,Two-Wheeler,Normal Day,1,78
Yasti Khosla,20-40,2025-02-17,5-8 AM,Festival,3,Bus/Train,Normal Day,4,116
Girish Vora,40-60,2025-05-28,5-8 PM,Pilgrimage,5,Two-Wheeler,Normal Day,2,50
Jeevika Devi,40-60,2025-07-22,5-8 AM,Tourism,6,Car,Tuesday/Friday Peak,4,207
Yamini Parmar,40-60,2025-11-30,2-5 PM,Festival,4,Car,Normal Day,2,50
Krisha Bora,20-40,2025-11-14,11 AM-2 PM,Other,3,Two-Wheeler,Tuesday/Friday Peak,3,129
Osha Sanghvi,20-40,2025-08-08,5-8 AM,Tourism,7,Bus/Train,Tuesday/Friday Peak,1,212
Shivani Bahl,20-40,2025-03-27,5-8 AM,Other,3,Car,Full Moon,2,225
Sudiksha Rajagopal,40-60,2025-06-25,5-8 AM,Tourism,2,Two-Wheeler,Normal Day,5,90
Ansh Jayaraman,20-40,2025-04-25,8-11 AM,Pilgrimage,8,Car,Tuesday/Friday Peak,3,174
Krish Hegde,Under 20,2025-04-14,11 AM-2 PM,Tourism,5,Two-Wheeler,Normal Day,4,50
Kritika Nagar,40-60,2025-12-08,5-8 AM,Tourism,3,Car,Normal Day,2,103
Teerth Chaudhuri,20-40,2025-11-29,5-8 AM,Pilgrimage,4,Two-Wheeler,Normal Day,4,110
Idika Karnik,20-40,2025-04-21,5-8 AM,Pilgrimage,7,Car,Normal Day,2,126
Yutika Sarma,Under 20,2025-10-07,11 AM-2 PM,Pilgrimage,7,Two-Wheeler,Tuesday/Friday Peak,3,142
Harsh Agarwal,20-40,2025-09-17,2-5 PM,Pilgrimage,7,Two-Wheeler,Normal Day,3,63
Pallavi Mohanty,40-60,2025-05-16,8-11 AM,Pilgrimage,3,Two-Wheeler,Tuesday/Friday Peak,2,177
Gaurang Dugar,20-40,2025-05-23,5-8 AM,Pilgrimage,8,Two-Wheeler,Tuesday/Friday Peak,2,188
Ishanvi Verma,20-40,2025-08-31,8-11 AM,Festival,4,Two-Wheeler,Normal Day,3,98
Harini Bhat,20-40,2025-03-25,8-11 AM,Pilgrimage,5,Two-Wheeler,Tuesday/Friday Peak,3,177
Balhaar Ahluwalia,20-40,2025-02-21,8-11 AM,Pilgrimage,2,Two-Wheeler,Tuesday/Friday Peak,4,175
Baljiwan Bumb,20-40,2025-06-15,5-8 AM,Pilgrimage,5,Car,Normal Day,4,113
Tanmayi Kurian,Under 20,2025-11-30,5-8 AM,Pilgrimage,3,Two-Wheeler,Normal Day,3,120
Qabil Hayer,40-60,2025-08-21,5-8 PM,Pilgrimage,4,Two-Wheeler,Normal Day,2,50
Mitali Chakrabarti,20-40,2025-11-02,5-8 AM,Tourism,6,Two-Wheeler,Normal Day,3,132
Bishakha Choudhry,20-40,2025-02-22,5-8 AM,Pilgrimage,1,Two-Wheeler,Normal Day,3,105
Amaira Dutt,40-60,2025-04-01,5-8 AM,Pilgrimage,1,Two-Wheeler,Tuesday/Friday Peak,4,174
Anita Bala,60+,2025-05-19,5-8 AM,Pilgrimage,3,Bus/Train,Normal Day,1,103
Chatresh Dar,20-40,2025-10-27,11 AM-2 PM,Tourism,5,Bus/Train,Full Moon,4,189
Abdul Pant,Under 20,2025-10-30,2-5 PM,Pilgrimage,1,Bus/Train,Normal Day,5,65
Falguni Reddy,Under 20,2025-10-28,8-11 AM,Pilgrimage,3,Two-Wheeler,Tuesday/Friday Peak,4,169
Dayita Dube,Under 20,2025-04-09,8-11 AM,Pilgrimage,5,Bus/Train,Normal Day,4,85
Ekaraj Ben,20-40,2025-11-16,8-11 AM,Pilgrimage,1,Two-Wheeler,Normal Day,5,72
Chandani Chad,20-40,2025-02-17,11 AM-2 PM,Festival,4,Two-Wheeler,Normal Day,2,67
Pushti Chana,60+,2025-06-06,5-8 AM,Tourism,5,On Foot,Tuesday/Friday Peak,4,195
Krishna Chaudhry,40-60,2025-07-30,8-11 AM,Tourism,2,Car,Normal Day,1,96
Fitan Raju,20-40,2025-12-08,5-8 AM,Pilgrimage,4,Car,Normal Day,3,95
Libni Jani,20-40,2025-04-30,8-11 AM,Pilgrimage,2,Two-Wheeler,Normal Day,4,91
Nihal Chahal,20-40,2025-08-31,8-11 AM,Pilgrimage,3,Two-Wheeler,Normal Day,2,100
Chaitanya Ramachandran,20-40,2025-10-07,11 AM-2 PM,Pilgrimage,5,Two-Wheeler,Tuesday/Friday Peak,4,130
Qarin Balakrishnan,60+,2025-09-05,11 AM-2 PM,Other,4,Car,Tuesday/Friday Peak,3,165
Wriddhish Misra,20-40,2025-05-03,5-8 AM,Pilgrimage,4,Car,Normal Day,5,93
Odika Dutt,20-40,2025-11-03,2-5 PM,Pilgrimage,4,Car,Normal Day,5,66
Ekbal Bajaj,60+,2025-09-24,8-11 AM,Tourism,5,Car,Normal Day,5,74
Warda Sastry,20-40,2025-04-23,8-11 AM,Pilgrimage,3,Two-Wheeler,Normal Day,3,67
Samesh Sastry,20-40,2025-11-15,8-11 AM,Pilgrimage,5,Car,Normal Day,4,98
Noah Yadav,40-60,2025-03-28,5-8 AM,Festival,1,Two-Wheeler,Tuesday/Friday Peak,3,198
Charan Rout,60+,2025-04-28,5-8 AM,Pilgrimage,4,Two-Wheeler,Normal Day,4,90
Vrinda Oza,20-40,2025-05-08,5-8 PM,Pilgrimage,4,Car,Normal Day,4,55
Karan Parsa,20-40,2025-09-01,5-8 AM,Pilgrimage,2,Bus/Train,Normal Day,3,104
Pooja Mani,20-40,2025-11-21,5-8 AM,Other,3,Two-Wheeler,Tuesday/Friday Peak,3,195
Dev Varkey,20-40,2025-07-06,8-11 AM,Pilgrimage,5,Bus/Train,Normal Day,4,80
Amruta Chatterjee,Under 20,2025-04-03,5-8 AM,Pilgrimage,4,Car,Normal Day,2,93
Chanchal Warrior,20-40,2025-09-26,11 AM-2 PM,Tourism,5,Car,Tuesday/Friday Peak,1,143
Shravya Morar,20-40,2025-02-23,5-8 AM,Pilgrimage,4,Car,Normal Day,3,91
Advik Handa,60+,2025-03-16,5-8 PM,Pilgrimage,2,Two-Wheeler,Normal Day,4,54
Tejas Ranganathan,20-40,2025-09-18,11 AM-2 PM,Pilgrimage,7,Car,Normal Day,3,57
Tejas Kata,20-40,2025-12-04,8-11 AM,Tourism,4,Two-Wheeler,Normal Day,3,80
Zayan Prabhakar,60+,2025-07-16,5-8 AM,Pilgrimage,5,Two-Wheeler,Festival,2,278
Harish Yadav,20-40,2025-08-05,5-8 AM,Pilgrimage,4,Car,Tuesday/Friday Peak,4,202
Nirja Mandal,20-40,2025-06-19,8-11 AM,Tourism,4,Car,Normal Day,4,108
Jyoti Ravi,20-40,2025-04-02,8-11 AM,Pilgrimage,3,Car,Normal Day,1,99
Chakradhar Swaminathan,20-40,2025-11-22,5-8 AM,Tourism,1,Car,Normal Day,2,94
Widisha Grewal,20-40,2025-07-15,8-11 AM,Festival,4,Two-Wheeler,Tuesday/Friday Peak,4,179
Panini Munshi,20-40,2025-05-18,5-8 AM,Pilgrimage,3,Two-Wheeler,Normal Day,2,98
Nandini Ahuja,Under 20,2025-11-14,8-11 AM,Tourism,5,Car,Tuesday/Friday Peak,3,168
Libni Chada,40-60,2025-11-27,5-8 AM,Tourism,3,Bus/Train,Full Moon,3,233
Avni Munshi,20-40,2025-08-21,5-8 AM,Pilgrimage,3,Two-Wheeler,Normal Day,3,91
Jhalak Vora,20-40,2025-04-09,8-11 AM,Festival,6,Two-Wheeler,Normal Day,2,100
Abeer Bhalla,20-40,2025-11-29,5-8 AM,Pilgrimage,5,Car,Normal Day,3,103
Saksham Setty,20-40,2025-07-02,5-8 AM,Pilgrimage,1,On Foot,Normal Day,4,122
Akshay Seshadri,Under 20,2025-03-10,5-8 PM,Tourism,4,Two-Wheeler,Normal Day,5,56
Kala Sood,40-60,2025-02-13,8-11 AM,Pilgrimage,6,Two-Wheeler,Normal Day,4,72
Reva Kannan,Under 20,2025-07-26,8-11 AM,Pilgrimage,2,Two-Wheeler,Normal Day,5,74
Aarush Minhas,Under 20,2025-03-16,8-11 AM,Pilgrimage,5,Two-Wheeler,Normal Day,4,93
Jeevika Dalal,20-40,2025-06-02,8-11 AM,Pilgrimage,6,Two-Wheeler,Normal Day,3,75
Oviya Guha,40-60,2025-10-26,5-8 AM,Pilgrimage,5,Two-Wheeler,Normal Day,5,117
Onveer Issac,60+,2025-11-28,11 AM-2 PM,Pilgrimage,5,Car,Tuesday/Friday Peak,1,155
Kashvi Deshmukh,40-60,2025-08-19,11 AM-2 PM,Pilgrimage,1,Two-Wheeler,Tuesday/Friday Peak,4,139
Upasna Lad,40-60,2025-12-04,5-8 AM,Tourism,4,Two-Wheeler,Normal Day,3,128
Mahika Kapoor,20-40,2025-11-05,8-11 AM,Festival,5,Two-Wheeler,Normal Day,3,90
Jai Hans,20-40,2025-10-23,8-11 AM,Pilgrimage,2,Car,Normal Day,3,72
Jagvi Saraf,Under 20,2025-09-15,5-8 AM,Pilgrimage,2,Two-Wheeler,Normal Day,2,93
Bhavya Ramanathan,20-40,2025-09-24,8-11 AM,Tourism,4,Two-Wheeler,Normal Day,3,88
Fitan Bhasin,20-40,2025-10-19,5-8 PM,Pilgrimage,3,Car,Normal Day,4,62
Nikita Jayaraman,60+,2025-02-18,5-8 AM,Festival,4,Bus/Train,Tuesday/Friday Peak,4,214
Farhan Natarajan,20-40,2025-05-04,11 AM-2 PM,Pilgrimage,7,Two-Wheeler,Normal Day,3,61
Banjeet Kari,20-40,2025-10-23,8-11 AM,Festival,3,Car,Normal Day,3,106
Isha Jayaraman,60+,2025-03-22,5-8 PM,Festival,6,Two-Wheeler,Normal Day,3,64
Ekanta Chhabra,Under 20,2025-06-19,8-11 AM,Tourism,7,Car,Normal Day,2,89
Mugdha Tata,20-40,2025-11-08,5-8 AM,Tourism,1,Car,Normal Day,3,105
Rayaan Upadhyay,40-60,2025-08-06,5-8 AM,Pilgrimage,7,Two-Wheeler,Normal Day,4,97
Ojasvi Bhargava,Under 20,2025-08-21,5-8 AM,Tourism,4,On Foot,Normal Day,2,94
Arjun Andra,40-60,2025-10-27,5-8 AM,Pilgrimage,4,Car,Full Moon,2,226
Urishilla Keer,20-40,2025-04-20,2-5 PM,Pilgrimage,4,Bus/Train,Normal Day,2,50
Jalsa Mand,20-40,2025-07-09,8-11 AM,Pilgrimage,4,Car,Normal Day,1,72
Upma Sinha,40-60,2025-07-31,5-8 PM,Festival,3,Two-Wheeler,Normal Day,3,74
Yoshita Borde,40-60,2025-07-08,8-11 AM,Pilgrimage,8,Two-Wheeler,Tuesday/Friday Peak,5,168
Alka Gara,20-40,2025-03-06,8-11 AM,Tourism,4,Two-Wheeler,Normal Day,1,69
Qadim Raman,20-40,2025-12-04,2-5 PM,Pilgrimage,4,Two-Wheeler,Normal Day,2,50
Aachal Shetty,Under 20,2025-03-10,5-8 AM,Tourism,4,Two-Wheeler,Normal Day,4,104
Ekanta Madan,60+,2025-06-09,2-5 PM,Festival,5,Two-Wheeler,Normal Day,2,57
Priya Saha,20-40,2025-04-14,8-11 AM,Pilgrimage,2,Car,Normal Day,5,79
Orinder Jayaraman,20-40,2025-11-08,5-8 AM,Pilgrimage,4,Bus/Train,Normal Day,4,93
Amara Chandran,Under 20,2025-04-16,8-11 AM,Festival,6,Two-Wheeler,Normal Day,5,86
Jyoti Gupta,60+,2025-04-23,5-8 AM,Pilgrimage,6,Two-Wheeler,Normal Day,5,109
Imaran Minhas,20-40,2025-07-13,8-11 AM,Pilgrimage,3,Car,Normal Day,4,104
Eiravati Sundaram,20-40,2025-02-17,5-8 AM,Pilgrimage,2,Two-Wheeler,Normal Day,4,105
Wyatt Ramakrishnan,Under 20,2025-09-09,5-8 AM,Tourism,5,Two-Wheeler,Tuesday/Friday Peak,5,181
Peter Ghose,60+,2025-07-22,8-11 AM,Pilgrimage,1,Car,Tuesday/Friday Peak,4,154
Sachi Bedi,20-40,2025-08-20,8-11 AM,Festival,1,Bus/Train,Normal Day,3,99
Balendra Thakur,20-40,2025-08-12,2-5 PM,Tourism,5,Bus/Train,Full Moon,3,198
Amol Chopra,Under 20,2025-12-06,5-8 AM,Pilgrimage,2,Car,Normal Day,3,118
Yasti Saran,20-40,2025-11-20,5-8 AM,Tourism,4,Two-Wheeler,Normal Day,3,94
Indali Sule,20-40,2025-08-26,8-11 AM,Pilgrimage,1,Two-Wheeler,Tuesday/Friday Peak,3,162
Sanya Sachar,40-60,2025-07-01,8-11 AM,Festival,2,Two-Wheeler,Tuesday/Friday Peak,5,160
Unnati Bora,20-40,2025-05-10,5-8 AM,Tourism,6,On Foot,Normal Day,3,122
Tanish Shan,20-40,2025-03-12,8-11 AM,Pilgrimage,4,Car,Full Moon,3,224
Neel Borde,20-40,2025-06-06,2-5 PM,Pilgrimage,1,Two-Wheeler,Tuesday/Friday Peak,4,144
Veda Srinivasan,20-40,2025-08-31,5-8 PM,Pilgrimage,5,Two-Wheeler,Normal Day,2,73
Brinda Krishnamurthy,20-40,2025-04-11,5-8 AM,Tourism,4,Bus/Train,Tuesday/Friday Peak,2,214
Qadim Mammen,20-40,2025-03-04,8-11 AM,Pilgrimage,3,Car,Tuesday/Friday Peak,5,178
Kevin Suri,60+,2025-11-03,8-11 AM,Festival,2,Car,Normal Day,5,93
Advik Devi,20-40,2025-06-14,5-8 AM,Festival,1,Two-Wheeler,Normal Day,2,109
Adweta Merchant,20-40,2025-03-19,2-5 PM,Pilgrimage,4,Bus/Train,Normal Day,5,50
Chameli Rajagopalan,40-60,2025-08-01,5-8 AM,Pilgrimage,4,Bus/Train,Tuesday/Friday Peak,5,215
Ranbir Jaggi,40-60,2025-10-06,5-8 PM,Pilgrimage,3,Two-Wheeler,Normal Day,3,76
Farhan Pant,40-60,2025-11-23,2-5 PM,Pilgrimage,3,Two-Wheeler,Normal Day,5,71
Rachit Bhagat,20-40,2025-09-24,5-8 AM,Pilgrimage,3,Two-Wheeler,Normal Day,5,122
Jagrati Soman,20-40,2025-09-19,8-11 AM,Pilgrimage,3,Two-Wheeler,Tuesday/Friday Peak,4,195
Manthan Bandi,20-40,2025-06-03,5-8 AM,Pilgrimage,2,Bus/Train,Tuesday/Friday Peak,3,178
Omaja Kohli,60+,2025-03-09,8-11 AM,Pilgrimage,4,Car,Normal Day,1,95
Onveer Oak,60+,2025-10-24,5-8 AM,Pilgrimage,1,Two-Wheeler,Tuesday/Friday Peak,2,189
Samar Vohra,Under 20,2025-07-13,5-8 PM,Pilgrimage,6,Two-Wheeler,Normal Day,5,76
Jagvi Virk,20-40,2025-08-12,5-8 PM,Pilgrimage,1,Car,Full Moon,3,185
Bhanumati Wagle,20-40,2025-10-19,5-8 AM,Festival,1,Two-Wheeler,Normal Day,2,101
Raghav Goda,20-40,2025-11-15,5-8 AM,Tourism,1,Bus/Train,Normal Day,2,109
Mekhala Parmer,40-60,2025-08-16,2-5 PM,Pilgrimage,4,Two-Wheeler,Normal Day,5,71
Janya Nagi,60+,2025-08-10,5-8 AM,Other,3,Two-Wheeler,Normal Day,4,124
Ijaya Choudhry,20-40,2025-10-02,5-8 AM,Pilgrimage,5,Car,Normal Day,4,117
Ishanvi Sidhu,40-60,2025-08-11,8-11 AM,Festival,6,Two-Wheeler,Normal Day,5,112
Jeet Deol,20-40,2025-06-06,5-8 PM,Festival,6,Car,Tuesday/Friday Peak,4,139
Jason Hans,20-40,2025-03-26,8-11 AM,Pilgrimage,7,Two-Wheeler,Normal Day,2,111
Udant Pradhan,40-60,2025-11-19,5-8 AM,Tourism,4,Two-Wheeler,Normal Day,1,107
Onkar Chaudhary,20-40,2025-04-05,5-8 PM,Pilgrimage,1,Car,Normal Day,4,50
Hardik Banerjee,20-40,2025-10-11,8-11 AM,Pilgrimage,1,Car,Normal Day,1,98
Nimrat Krishnamurthy,40-60,2025-05-19,11 AM-2 PM,Festival,6,Two-Wheeler,Normal Day,1,50
Priya Butala,20-40,2025-11-28,8-11 AM,Pilgrimage,5,Car,Tuesday/Friday Peak,3,160
Aashi Prasad,20-40,2025-02-22,2-5 PM,Pilgrimage,5,Bus/Train,Normal Day,4,54
Ishaan Tella,20-40,2025-03-03,5-8 PM,Pilgrimage,2,Bus/Train,Normal Day,3,73
David Bora,20-40,2025-04-15,8-11 AM,Tourism,2,Two-Wheeler,Tuesday/Friday Peak,4,162
Rajata Mittal,20-40,2025-10-11,2-5 PM,Festival,7,Car,Normal Day,1,69
Vincent Ganesh,60+,2025-11-10,5-8 AM,Tourism,5,Car,Normal Day,3,92
Baljiwan Menon,Under 20,2025-06-12,8-11 AM,Pilgrimage,7,Car,Full Moon,3,202
Ekapad Thakkar,20-40,2025-07-31,8-11 AM,Pilgrimage,5,Two-Wheeler,Normal Day,4,98
Yauvani Mallick,60+,2025-06-03,2-5 PM,Pilgrimage,6,Two-Wheeler,Tuesday/Friday Peak,2,136
Jagrati Kalita,Under 20,2025-06-02,5-8 AM,Pilgrimage,7,Two-Wheeler,Normal Day,4,115
Leela Chandran,40-60,2025-07-03,11 AM-2 PM,Pilgrimage,2,Two-Wheeler,Normal Day,5,60
Madhavi Sodhi,Under 20,2025-11-21,5-8 AM,Tourism,5,On Foot,Tuesday/Friday Peak,2,212
Oscar Pau,20-40,2025-07-08,5-8 AM,Festival,2,Car,Tuesday/Friday Peak,3,209
Aditya Sheth,60+,2025-03-02,8-11 AM,Pilgrimage,5,Car,Normal Day,5,82
Tanish Saraf,60+,2025-12-05,5-8 AM,Festival,1,Car,Tuesday/Friday Peak,1,208
Brijesh Maharaj,20-40,2025-08-14,5-8 AM,Festival,4,Two-Wheeler,Normal Day,3,126
Harrison Khurana,20-40,2025-02-25,8-11 AM,Tourism,6,Car,Tuesday/Friday Peak,3,168
Shivansh Tella,40-60,2025-07-21,5-8 PM,Pilgrimage,4,Bus/Train,Normal Day,4,63
Tripti Natarajan,20-40,2025-03-05,2-5 PM,Tourism,6,Two-Wheeler,Normal Day,3,68
Nidra Khosla,40-60,2025-08-09,8-11 AM,Pilgrimage,2,Two-Wheeler,Normal Day,4,77
Kavya Ratta,20-40,2025-11-25,8-11 AM,Tourism,7,Two-Wheeler,Tuesday/Friday Peak,5,191
Raksha Kumar,20-40,2025-04-05,8-11 AM,Other,4,Two-Wheeler,Normal Day,3,85
David Rao,40-60,2025-07-30,11 AM-2 PM,Other,2,Two-Wheeler,Normal Day,4,73
Urishilla Sama,40-60,2025-07-22,5-8 AM,Pilgrimage,5,Two-Wheeler,Tuesday/Friday Peak,3,180
Idika Purohit,20-40,2025-11-01,8-11 AM,Tourism,2,Two-Wheeler,Normal Day,2,85
Kala Sethi,40-60,2025-10-28,2-5 PM,Pilgrimage,3,Bus/Train,Tuesday/Friday Peak,1,140
Advaith Apte,Under 20,2025-03-17,11 AM-2 PM,Pilgrimage,1,Car,Normal Day,3,50
Ucchal Trivedi,20-40,2025-07-11,5-8 AM,Pilgrimage,6,Two-Wheeler,Tuesday/Friday Peak,5,184
Anya Borde,40-60,2025-06-14,2-5 PM,Pilgrimage,1,Two-Wheeler,Normal Day,4,50
Victor Mittal,20-40,2025-11-20,8-11 AM,Pilgrimage,4,Car,Normal Day,4,101
Samuel Jha,20-40,2025-11-03,5-8 AM,Pilgrimage,2,Two-Wheeler,Normal Day,3,87
Krishna Venkataraman,Under 20,2025-09-12,11 AM-2 PM,Pilgrimage,2,Two-Wheeler,Full Moon,4,167
Vasana Golla,60+,2025-10-08,5-8 AM,Pilgrimage,3,Car,Normal Day,4,86
Guneet Walia,20-40,2025-11-08,5-8 AM,Tourism,4,Two-Wheeler,Normal Day,4,100
Ojas Grewal,Under 20,2025-06-05,8-11 AM,Pilgrimage,2,Car,Normal Day,4,85
Raghav Bhagat,60+,2025-08-27,8-11 AM,Pilgrimage,4,Car,Full Moon,2,196
Champak Sarma,20-40,2025-09-21,5-8 AM,Tourism,6,Two-Wheeler,Normal Day,4,124
Guneet Pingle,20-40,2025-12-02,5-8 PM,Pilgrimage,4,Two-Wheeler,Tuesday/Friday Peak,4,152
Mohini Andra,40-60,2025-02-13,8-11 AM,Pilgrimage,4,Two-Wheeler,Normal Day,3,94
Zehaan Sethi,60+,2025-09-25,5-8 AM,Pilgrimage,2,Car,Normal Day,2,99
Meghana Dar,20-40,2025-07-15,5-8 AM,Tourism,1,Car,Tuesday/Friday Peak,3,198
Indali Merchant,20-40,2025-02-27,8-11 AM,Tourism,3,Car,Full Moon,5,209
Ishwar Parikh,20-40,2025-11-29,5-8 AM,Pilgrimage,2,Two-Wheeler,Normal Day,1,110
Idika Wali,20-40,2025-06-23,8-11 AM,Pilgrimage,2,Two-Wheeler,Normal Day,5,71
Pooja Kara,40-60,2025-09-08,5-8 AM,Pilgrimage,1,Two-Wheeler,Normal Day,4,119
Sai Sura,40-60,2025-09-08,5-8 AM,Pilgrimage,5,Two-Wheeler,Normal Day,5,129
Aadi Sarraf,60+,2025-04-02,5-8 AM,Pilgrimage,3,Car,Normal Day,5,87
Shivani Tailor,40-60,2025-05-09,5-8 AM,Festival,2,Bus/Train,Tuesday/Friday Peak,2,207
Nidra Kar,20-40,2025-08-17,5-8 AM,Pilgrimage,5,Two-Wheeler,Normal Day,5,99
Maya Nigam,Under 20,2025-03-06,2-5 PM,Pilgrimage,1,Two-Wheeler,Normal Day,4,57
Harini Sane,Under 20,2025-11-23,11 AM-2 PM,Pilgrimage,2,Two-Wheeler,Normal Day,5,53
Bishakha Basak,Under 20,2025-09-29,5-8 AM,Pilgrimage,3,Two-Wheeler,Normal Day,4,123
Ansh Baral,20-40,2025-06-23,5-8 AM,Pilgrimage,4,Two-Wheeler,Normal Day,2,121
Nathan Sani,20-40,2025-10-20,5-8 AM,Pilgrimage,5,On Foot,Normal Day,2,92
Ojas Tandon,Under 20,2025-08-07,2-5 PM,Pilgrimage,1,Two-Wheeler,Normal Day,3,50
Azad Kibe,20-40,2025-08-17,5-8 AM,Pilgrimage,5,Two-Wheeler,Normal Day,4,98
Laban Shanker,60+,2025-08-03,11 AM-2 PM,Pilgrimage,3,Two-Wheeler,Normal Day,5,54
Lipika Som,20-40,2025-08-21,11 AM-2 PM,Other,5,Two-Wheeler,Normal Day,3,64
Barkha Sachar,40-60,2025-06-29,5-8 AM,Pilgrimage,4,Car,Normal Day,4,104
Irya Bal,60+,2025-05-07,5-8 PM,Tourism,3,Two-Wheeler,Normal Day,5,66
Rachit Dugar,20-40,2025-03-31,5-8 AM,Pilgrimage,4,On Foot,Festival,4,255
Madhavi Viswanathan,20-40,2025-12-02,8-11 AM,Tourism,2,Car,Tuesday/Friday Peak,4,189
Kritika Anand,Under 20,2025-11-02,2-5 PM,Pilgrimage,1,Bus/Train,Normal Day,3,57
Forum Vyas,20-40,2025-05-24,5-8 AM,Pilgrimage,8,Two-Wheeler,Normal Day,2,136
Diya Vyas,20-40,2025-05-19,8-11 AM,Festival,2,Two-Wheeler,Normal Day,2,94
Gaurang Biswas,20-40,2025-10-29,5-8 PM,Tourism,5,Car,Normal Day,4,54
Raksha Misra,20-40,2025-04-23,5-8 PM,Pilgrimage,1,Two-Wheeler,Normal Day,5,55
Gautami Mistry,20-40,2025-04-16,5-8 AM,Pilgrimage,1,Car,Normal Day,4,118
Hemangini Bhatnagar,40-60,2025-09-27,5-8 AM,Pilgrimage,2,Car,Full Moon,3,218
Faqid Grover,40-60,2025-09-26,11 AM-2 PM,Festival,1,Two-Wheeler,Tuesday/Friday Peak,5,148
Om Hans,60+,2025-09-12,5-8 AM,Pilgrimage,4,Car,Full Moon,3,238
Dipta Ben,20-40,2025-09-07,5-8 PM,Pilgrimage,3,Two-Wheeler,Normal Day,5,50
Wriddhish Wadhwa,20-40,2025-10-17,5-8 AM,Pilgrimage,4,Two-Wheeler,Tuesday/Friday Peak,1,206
Kavya Murthy,40-60,2025-02-20,5-8 AM,Other,4,Car,Normal Day,3,89
Vinaya Pathak,20-40,2025-09-07,2-5 PM,Pilgrimage,1,Car,Normal Day,5,50
Barkha Borra,40-60,2025-10-31,8-11 AM,Other,4,Two-Wheeler,Tuesday/Friday Peak,4,161
Advik Kata,20-40,2025-03-21,8-11 AM,Festival,2,On Foot,Tuesday/Friday Peak,5,160
Azad Talwar,Under 20,2025-09-14,5-8 AM,Festival,2,Two-Wheeler,Normal Day,3,113
Jalsa Dani,20-40,2025-03-12,5-8 PM,Pilgrimage,4,Car,Full Moon,5,176
Lipika Patil,20-40,2025-06-13,5-8 PM,Pilgrimage,5,Bus/Train,Tuesday/Friday Peak,5,132
Wriddhish Tandon,60+,2025-02-13,8-11 AM,Pilgrimage,2,Bus/Train,Normal Day,3,80
Charan Gara,20-40,2025-03-11,5-8 AM,Festival,6,Two-Wheeler,Tuesday/Friday Peak,3,187
Benjamin Gokhale,20-40,2025-02-21,8-11 AM,Other,1,Car,Tuesday/Friday Peak,1,179
Aishani Das,20-40,2025-11-26,5-8 AM,Pilgrimage,2,Two-Wheeler,Normal Day,3,124
Chanakya Kaur,60+,2025-10-06,8-11 AM,Festival,6,Car,Normal Day,1,86
Ubika Saxena,20-40,2025-08-18,2-5 PM,Festival,5,Two-Wheeler,Normal Day,5,61
Kritika Dara,60+,2025-08-13,8-11 AM,Pilgrimage,7,On Foot,Normal Day,1,86
Hredhaan Dugar,20-40,2025-08-10,8-11 AM,Pilgrimage,4,Car,Normal Day,4,102
Osha Dhar,40-60,2025-10-05,5-8 AM,Tourism,6,Car,Normal Day,2,125
Bachittar Chokshi,20-40,2025-03-19,5-8 AM,Festival,1,Two-Wheeler,Normal Day,4,122
Ishani Biswas,40-60,2025-04-24,5-8 AM,Pilgrimage,5,Two-Wheeler,Normal Day,5,93
Oliver Sandal,40-60,2025-03-04,8-11 AM,Pilgrimage,5,Two-Wheeler,Tuesday/Friday Peak,3,185
Daksh Chacko,20-40,2025-10-17,5-8 AM,Pilgrimage,1,Two-Wheeler,Tuesday/Friday Peak,5,207
Anita Aurora,20-40,2025-05-25,5-8 AM,Pilgrimage,4,Two-Wheeler,Normal Day,4,98
Wyatt Chana,20-40,2025-10-16,5-8 AM,Tourism,6,Two-Wheeler,Normal Day,5,130
Damyanti Narasimhan,20-40,2025-09-28,8-11 AM,Festival,4,Two-Wheeler,Normal Day,2,107
Hemani Gandhi,40-60,2025-06-09,8-11 AM,Tourism,1,Two-Wheeler,Normal Day,1,98
Patrick Kohli,20-40,2025-05-28,2-5 PM,Pilgrimage,5,Car,Normal Day,4,78
Ijaya Devi,20-40,2025-10-30,11 AM-2 PM,Pilgrimage,2,Two-Wheeler,Normal Day,2,62
Ira Kulkarni,20-40,2025-08-13,5-8 AM,Other,5,Two-Wheeler,Normal Day,1,95
Zaid Nagi,20-40,2025-10-18,5-8 AM,Festival,1,Two-Wheeler,Normal Day,4,96
Aishani Gulati,20-40,2025-03-15,5-8 AM,Pilgrimage,4,Car,Normal Day,2,90
Barkha Deo,60+,2025-05-05,11 AM-2 PM,Other,5,Two-Wheeler,Normal Day,4,67
Zayyan Ramakrishnan,20-40,2025-03-03,5-8 AM,Pilgrimage,7,Bus/Train,Normal Day,3,117
Wakeeta Chand,40-60,2025-10-12,11 AM-2 PM,Tourism,7,On Foot,Full Moon,2,175
Janaki Karpe,20-40,2025-06-03,5-8 AM,Pilgrimage,3,Car,Tuesday/Friday Peak,3,194
Upkaar Andra,Under 20,2025-10-09,5-8 AM,Pilgrimage,6,Two-Wheeler,Normal Day,3,123
Raksha Om,40-60,2025-11-11,8-11 AM,Pilgrimage,4,Car,Tuesday/Friday Peak,2,163
Nicholas Talwar,20-40,2025-05-21,5-8 AM,Pilgrimage,4,Car,Normal Day,4,98
Wakeeta Prashad,40-60,2025-07-09,8-11 AM,Pilgrimage,6,On Foot,Normal Day,5,112
William Bajwa,20-40,2025-03-27,2-5 PM,Tourism,7,Two-Wheeler,Full Moon,1,192
Damyanti Kapadia,20-40,2025-04-28,8-11 AM,Tourism,5,Two-Wheeler,Normal Day,5,84
Bhavika Jayaraman,20-40,2025-08-04,8-11 AM,Pilgrimage,5,Two-Wheeler,Normal Day,5,72
Saumya Mitter,20-40,2025-05-18,5-8 AM,Pilgrimage,7,Car,Normal Day,3,121
Hritik Joshi,Under 20,2025-06-20,8-11 AM,Pilgrimage,6,On Foot,Tuesday/Friday Peak,4,187
Chandani Sidhu,40-60,2025-06-07,5-8 AM,Pilgrimage,5,Car,Normal Day,2,116
Bakhshi Khurana,40-60,2025-06-15,5-8 PM,Pilgrimage,2,Car,Normal Day,3,50
Abdul Palla,Under 20,2025-09-12,5-8 AM,Pilgrimage,3,Bus/Train,Full Moon,4,229
Charles Pillai,Under 20,2025-11-07,5-8 AM,Other,3,Two-Wheeler,Tuesday/Friday Peak,4,214
Anvi Kalita,Under 20,2025-06-22,5-8 AM,Tourism,3,Two-Wheeler,Normal Day,3,115
Veda Batta,20-40,2025-11-13,8-11 AM,Pilgrimage,3,Two-Wheeler,Normal Day,5,68
Sneha Ramesh,40-60,2025-05-27,8-11 AM,Pilgrimage,7,On Foot,Full Moon,3,219
Falan Talwar,60+,2025-10-25,11 AM-2 PM,Pilgrimage,4,Car,Normal Day,3,70
Nakul Ben,20-40,2025-10-03,8-11 AM,Pilgrimage,7,Car,Tuesday/Friday Peak,2,184
Amruta Aggarwal,20-40,2025-07-01,8-11 AM,Pilgrimage,2,Car,Tuesday/Friday Peak,2,169
Idika De,40-60,2025-12-01,5-8 AM,Tourism,6,Two-Wheeler,Normal Day,4,103
Keya Chana,20-40,2025-05-05,8-11 AM,Pilgrimage,3,Car,Normal Day,2,106
Christopher Oommen,40-60,2025-12-04,5-8 AM,Pilgrimage,5,Two-Wheeler,Normal Day,1,100
Harinakshi Parikh,Under 20,2025-09-19,5-8 AM,Pilgrimage,2,Two-Wheeler,Tuesday/Friday Peak,3,188
Meghana Naidu,60+,2025-11-28,5-8 PM,Pilgrimage,3,Car,Tuesday/Friday Peak,3,154
Onveer Dhaliwal,40-60,2025-10-26,8-11 AM,Tourism,2,Bus/Train,Normal Day,2,77
Ranveer Balay,20-40,2025-05-18,8-11 AM,Pilgrimage,3,Two-Wheeler,Normal Day,2,81
Kritika Chand,Under 20,2025-03-17,5-8 AM,Pilgrimage,4,Car,Normal Day,5,120
Gauri Agrawal,20-40,2025-09-22,8-11 AM,Pilgrimage,3,Two-Wheeler,Normal Day,3,84
Ekbal Madan,40-60,2025-10-16,2-5 PM,Pilgrimage,5,Two-Wheeler,Normal Day,5,53
